Type,File,Line,CLJ,CQL,CNL,CLJ_Code,CQL_Column,CQL_Code,CNL_Column,CNL_Code
preIncr,add-interactive.c,145,+,+,+,++*len > max_length,13.0,		if (!c || ++*len > max_length || !isascii(c)) {,14.0,* len
preIncr,add-interactive.c,368,+,-,+,*(++endp),,,21.0,endp
preIncr,add.c,101,+,+,+,--i >= 0,9.0,	while (--i >= 0) {,10.0,i
preIncr,alias.c,89,+,+,+,cmdline[++src],19.0,			while (cmdline[++src],20.0,src
preIncr,apply.c,687,+,+,+,!--p_value,20.0,		if (c == '/' && !--p_value),21.0,p_value
preIncr,apply.c,1156,+,+,+,--nslash <= 0,20.0,		if (ch == '/' && --nslash <= 0),21.0,nslash
preIncr,apply.c,2790,+,+,+,img->line[--img->nr],24.0,	img->len -= img->line[--img->nr].len;,25.0,img -> nr
preIncr,apply.c,3891,+,+,+,--name->len && name->buf[name->len] != '/',10.0,		while (--name->len && name->buf[name->len] != '/'),11.0,name -> len
preIncr,apply.c,4129,+,+,+,"starts_with(++preimage, heading)",18.0,"	    starts_with(++preimage, heading) &&",19.0,preimage
preIncr,attr.c,699,+,+,+,"handle_attr_line(res, line, ""[builtin]"", ++lineno, READ_ATTR_MACRO_OK)",44.0,"		handle_attr_line(res, line, ""[builtin]"", ++lineno,",45.0,lineno
preIncr,attr.c,760,+,+,+,"handle_attr_line(res, buf.buf, path, ++lineno, flags)",40.0,"		handle_attr_line(res, buf.buf, path, ++lineno, flags);",41.0,lineno
preIncr,attr.c,791,+,+,+,"handle_attr_line(res, sp, path, ++lineno, flags)",35.0,"		handle_attr_line(res, sp, path, ++lineno, flags);",36.0,lineno
preIncr,base85.c,50,+,-,-,"do{
    ch = *buffer++;
    de = de85[ch];
    if (--de < 0)
        return error(""invalid base85 alphabet %c"", ch);

    acc = acc * 85 + de;
} while (--cnt);
",,,,
preIncr,base85.c,53,+,+,+,--de < 0,8.0,			if (--de < 0),9.0,de
preIncr,base85.c,56,-,+,+,,12.0,		} while (--cnt);,13.0,cnt
preIncr,base85.c,59,+,+,+,--de < 0,7.0,		if (--de < 0),8.0,de
preIncr,base85.c,70,+,-,-,"do{
    acc = (acc << 8) | (acc >> 24);
    *dst++ = acc;
} while (--cnt);
",,,,
preIncr,base85.c,73,-,+,+,,12.0,		} while (--cnt);,13.0,cnt
preIncr,base85.c,89,+,+,+,--bytes == 0,8.0,			if (--bytes == 0),9.0,bytes
preIncr,basename.c,24,+,-,+,--path != base,,,12.0,path
preIncr,basename.c,49,+,-,+,slash = ++p,,,12.0,p
preIncr,blame.c,43,+,+,+,--o->refcnt <= 0,11.0,	if (o && --o->refcnt <= 0) {,12.0,o -> refcnt
preIncr,blame.c,418,-,-,+,,,,39.0,p
preIncr,blame.c,1070,+,+,+,argv[--argc],35.0,"			path = add_prefix(prefix, argv[--argc]);",36.0,argc
preIncr,branch.c,39,+,+,+,"switch (++tracking->matches){
    case 1:
        string_list_append_nodup(tracking->srcs, tracking->spec.src);
        tracking->remote = remote->name;
        break;
    case 2:
        string_list_append(&ftb->ambiguous_remotes, tracking->remote);
    default:
        string_list_append(&ftb->ambiguous_remotes, remote->name);
        free(tracking->spec.src);
        string_list_clear(tracking->srcs, 0);
        break;
}
",11.0,		switch (++tracking->matches) {,12.0,tracking -> matches
preIncr,cache-tree.c,173,+,+,+,10 < ++funny,13.0,			if (10 < ++funny) {,14.0,funny
preIncr,cache-tree.c,202,+,+,+,10 < ++funny,13.0,			if (10 < ++funny) {,14.0,funny
preIncr,checkout.c,192,+,+,+,++pos < the_repository->index->cache_nr,9.0,	while (++pos < the_repository->index->cache_nr &&,10.0,pos
preIncr,combine-diff.c,658,+,+,+,j <= --la,23.0,				while (la && j <= --la) {,24.0,la
preIncr,commit-graph.c,1168,+,+,+,"display_progress(ctx->progress, ++ctx->progress_cnt)",36.0,"			display_progress(ctx->progress, ++ctx->progress_cnt);",37.0,ctx -> progress_cnt
preIncr,commit-graph.c,1186,+,+,+,"display_progress(ctx->progress, ++ctx->progress_cnt)",35.0,"		display_progress(ctx->progress, ++ctx->progress_cnt);",36.0,ctx -> progress_cnt
preIncr,commit-graph.c,1212,+,+,+,"display_progress(ctx->progress, ++ctx->progress_cnt)",35.0,"		display_progress(ctx->progress, ++ctx->progress_cnt);",36.0,ctx -> progress_cnt
preIncr,commit-graph.c,1313,+,+,+,"display_progress(ctx->progress, ++ctx->progress_cnt)",35.0,"		display_progress(ctx->progress, ++ctx->progress_cnt);",36.0,ctx -> progress_cnt
preIncr,commit-graph.c,1334,+,+,+,"display_progress(ctx->progress, ++ctx->progress_cnt)",35.0,"		display_progress(ctx->progress, ++ctx->progress_cnt);",36.0,ctx -> progress_cnt
preIncr,commit-graph.c,1356,+,+,+,"display_progress(ctx->progress, ++ctx->progress_cnt)",35.0,"		display_progress(ctx->progress, ++ctx->progress_cnt);",36.0,ctx -> progress_cnt
preIncr,commit-graph.c,1412,+,+,+,"display_progress(ctx->progress, ++ctx->progress_cnt)",35.0,"		display_progress(ctx->progress, ++ctx->progress_cnt);",36.0,ctx -> progress_cnt
preIncr,commit-graph.c,1453,+,+,+,"display_progress(ctx->progress, ++ctx->progress_cnt)",35.0,"		display_progress(ctx->progress, ++ctx->progress_cnt);",36.0,ctx -> progress_cnt
preIncr,commit-graph.c,1473,+,+,+,"display_progress(ctx->progress, ++ctx->progress_done)",35.0,"		display_progress(ctx->progress, ++ctx->progress_done);",36.0,ctx -> progress_done
preIncr,commit-graph.c,2543,+,+,-,ctx->commit_graph_filenames_before[--i],40.0,				ctx->commit_graph_filenames_before[--i] = xstrdup(g->filename);,,
preIncr,commit-graph.c,2720,+,+,+,"display_progress(progress, ++(*seen))",30.0,"		display_progress(progress, ++(*seen));",31.0,( * seen )
preIncr,commit-reach.c,342,+,+,+,--count_still_independent <= 1,9.0,				if (--count_still_independent <= 1),10.0,count_still_independent
preIncr,commit.c,994,+,+,+,--(*pi) == 1,8.0,			if (--(*pi) == 1),9.0,( * pi )
preIncr,commit.c,1113,+,+,+,av[++ac],5.0,"	av[++ac] = ""--all"";",6.0,ac
preIncr,commit.c,1114,+,+,+,av[++ac],5.0,"	av[++ac] = ""-i"";",6.0,ac
preIncr,commit.c,1115,+,+,+,av[++ac],5.0,	av[++ac] = buf.buf;,6.0,ac
preIncr,commit.c,1116,+,+,+,av[++ac],5.0,	av[++ac] = NULL;,6.0,ac
preIncr,commit.c,1588,+,-,-,"do{
    codepoint <<= 6;
    codepoint |= *buf & 0x3f;
    if ((*buf++ & 0xc0) != 0x80)
        return bad_offset;
} while (--bytes);
",,,,
preIncr,commit.c,1593,-,+,+,,12.0,		} while (--bytes);,13.0,bytes
preIncr,config.c,184,+,+,+,++inc->depth > MAX_INCLUDE_DEPTH,7.0,		if (++inc->depth > MAX_INCLUDE_DEPTH),8.0,inc -> depth
preIncr,config.c,797,+,+,+,++cs->total_len > INT_MAX,18.0,	if (c != EOF && ++cs->total_len > INT_MAX) {,19.0,cs -> total_len
preIncr,config.c,3126,+,-,-,++seen < store->seen_nr,,,,
preIncr,config.c,3137,+,+,+,++seen < store->seen_nr,8.0,			if (++seen < store->seen_nr &&,9.0,seen
preIncr,convert.c,568,+,-,-,"do{
    unsigned char c = *src++;
    if (c != '\r')
        *dst++ = c;
} while (--len);
",,,,
preIncr,convert.c,572,-,+,+,,12.0,		} while (--len);,13.0,len
preIncr,convert.c,574,+,-,-,"do{
    unsigned char c = *src++;
    if (!(c == '\r' && (1 < len && *src == '\n')))
        *dst++ = c;
} while (--len);
",,,,
preIncr,convert.c,578,-,+,+,,12.0,		} while (--len);,13.0,len
preIncr,date.c,1222,+,-,+,*++end,,,19.0,end
preIncr,decorate.c,26,+,+,+,++j >= size,7.0,		if (++j >= size),8.0,j
preIncr,decorate.c,80,+,+,+,++j == n->size,7.0,		if (++j == n->size),8.0,j
preIncr,diff-delta.c,422,+,+,+,"if (--inscnt)
    continue;
",10.0,					if (--inscnt),11.0,inscnt
preIncr,diff-tree.c,148,+,+,+,--argc > 0,9.0,	while (--argc > 0) {,10.0,argc
preIncr,diff-tree.c,149,+,+,+,*++argv,22.0,		const char *arg = *++argv;,23.0,argv
preIncr,diff.c,163,+,-,+,*++end,,,33.0,end
preIncr,diff.c,167,+,-,+,*++end,,,22.0,end
preIncr,diff.c,887,+,+,+,s[++off],13.0,			while (s[++off] == '\t'),14.0,off
preIncr,diff.c,3972,+,+,+,!--spec->count,7.0,	if (!--spec->count) {,8.0,spec -> count
preIncr,diff.c,4400,+,-,-,"strvec_pushf(&cmd.env, ""GIT_DIFF_PATH_COUNTER=%d"", ++o->diff_path_counter)",,,,
preIncr,diff.c,4401,-,+,+,,8.0,		     ++o->diff_path_counter);,9.0,o -> diff_path_counter
preIncr,diff.c,6199,+,+,+,--p->one->rename_used > 0,13.0,			else if (--p->one->rename_used > 0),14.0,p -> one -> rename_used
preIncr,diffcore-delta.c,154,+,+,+,++n < 64,7.0,		if (++n < 64 && c != '\n'),8.0,n
preIncr,diffcore-rename.c,76,+,+,+,src->path[--src_len],23.0,		char c1 = src->path[--src_len];,24.0,src_len
preIncr,diffcore-rename.c,77,+,+,+,dst->path[--dst_len],23.0,		char c2 = dst->path[--dst_len];,24.0,dst_len
preIncr,diffcore-rename.c,313,+,+,+,!--i,8.0,		if (!--i),9.0,i
preIncr,diffcore-rename.c,1341,+,+,+,!--spec->count,7.0,	if (!--spec->count),8.0,spec -> count
preIncr,difftool.c,74,+,+,+,"parse_oid_hex(++p, oid1, (const char**)&p)",20.0,"	if (parse_oid_hex(++p, oid1, (const char **)&p))",21.0,p
preIncr,difftool.c,78,+,+,+,"parse_oid_hex(++p, oid2, (const char**)&p)",20.0,"	if (parse_oid_hex(++p, oid2, (const char **)&p))",21.0,p
preIncr,difftool.c,82,+,+,+,*++p,13.0,	*status = *++p;,14.0,p
preIncr,dir-iterator.c,156,+,+,+,"return --iter->levels_nr;
",9.0,	return --iter->levels_nr;,10.0,iter -> levels_nr
preIncr,dir.c,131,+,+,+,strlen(++pattern),28.0,		int pattern_len = strlen(++pattern);,29.0,pattern
preIncr,entry.c,234,+,+,+,"display_progress(progress, ++processed_paths)",33.0,"					display_progress(progress, ++processed_paths);",34.0,processed_paths
preIncr,ewah_bitmap.c,231,+,+,+,self->buffer[--self->buffer_size],16.0,		self->buffer[--self->buffer_size] = 0;,17.0,self -> buffer_size
preIncr,ewah_bitmap.c,249,-,-,+,,,,26.0,k
preIncr,ewah_bitmap.c,261,-,-,+,,,,36.0,c
preIncr,ewah_bitmap.c,352,+,+,+,++it->pointer < it->buffer_size,7.0,		if (++it->pointer < it->buffer_size),8.0,it -> pointer
preIncr,ewah_bitmap.c,446,+,+,+,bitmap_pool[--bitmap_pool_size],22.0,		return bitmap_pool[--bitmap_pool_size];,23.0,bitmap_pool_size
preIncr,ewah_io.c,50,-,-,+,,,,41.0,buffer
preIncr,ewah_io.c,60,-,-,+,,,,37.0,buffer
preIncr,fast-export.c,239,+,+,+,"mark_object(object, ++last_idnum)",22.0,"	mark_object(object, ++last_idnum);",23.0,last_idnum
preIncr,fast-export.c,271,+,+,+,++counter % progress,7.0,	if ((++counter % progress) == 0),8.0,counter
preIncr,fast-import.c,374,-,+,+,,4.0,"			++lu, b->last_commit, b->name);",5.0,lu
preIncr,fast-import.c,1048,+,+,+,hdr[--pos],8.0,			hdr[--pos] = 128 | (--ofs & 127);,25.0,ofs
preIncr,fetch-pack.c,473,+,+,+,flush_at <= ++count,19.0,		if (flush_at <= ++count) {,20.0,count
preIncr,fetch-pack.c,1306,+,+,+,++haves_added >= *haves_to_send,7.0,		if (++haves_added >= *haves_to_send),8.0,haves_added
preIncr,files-backend.c,683,+,+,+,--attempts_remaining > 0,7.0,		if (--attempts_remaining > 0),8.0,attempts_remaining
preIncr,files-backend.c,691,+,-,-,--attempts_remaining > 0,,,,
preIncr,files-backend.c,697,+,+,+,--attempts_remaining > 0,26.0,		if (myerr == ENOENT && --attempts_remaining > 0) {,27.0,attempts_remaining
preIncr,files-backend.c,705,+,-,-,--attempts_remaining > 0,,,,
preIncr,files-backend.c,1986,+,+,+,*(--scan),25.0,	while (bob < scan && *(--scan) != '\n'),26.0,scan
preIncr,files-backend.c,1997,+,-,-,*(--scan),,,,
preIncr,fsck.c,200,+,+,+,"display_progress(progress, ++nr)",30.0,"		display_progress(progress, ++nr);",31.0,nr
preIncr,fsck.c,401,+,+,+,name[--len],33.0,				generation += power * (name[--len] - '0');,34.0,len
preIncr,fsck.c,484,+,+,+,stack->names[--stack->nr],34.0,	return stack->nr ? stack->names[--stack->nr] : NULL;,35.0,stack -> nr
preIncr,fsck.c,892,+,+,+,"display_progress(progress, ++pack_count)",30.0,"		display_progress(progress, ++pack_count);",31.0,pack_count
preIncr,gc.c,255,+,+,+,++num_loose > auto_threshold,7.0,		if (++num_loose > auto_threshold) {,8.0,num_loose
preIncr,gc.c,1019,-,+,+,,6.0,	if (++(*count) >= loose_object_auto_limit),7.0,( * count )
preIncr,gc.c,1056,-,+,+,,9.0,	return ++(d->count) > d->batch_size;,10.0,( d -> count )
preIncr,git-credential-libsecret.c,331,+,-,+,buf[--line_len],,,9.0,line_len
preIncr,git-credential-wincred.c,271,+,-,+,buf[--len],,,9.0,len
preIncr,git-credential-wincred.c,275,+,-,+,buf[--len],,,9.0,len
preIncr,grep.c,150,+,+,+,++len <= p->patternlen,11.0,			while (++len <= p->patternlen) {,12.0,len
preIncr,grep.c,151,+,+,+,*(--cp),11.0,				if (*(--cp) == '\n') {,12.0,cp
preIncr,grep.c,835,+,+,+,"append_grep_pat(grep_opt, sb.buf, sb.len, arg, ++lno, GREP_PATTERN)",50.0,"		append_grep_pat(grep_opt, sb.buf, sb.len, arg, ++lno,",51.0,lno
preIncr,grep.c,924,+,+,+,bol < --eol,15.0,	while (bol < --eol) {,16.0,eol
preIncr,grep.c,927,+,+,+,*eol_p = ++eol,12.0,		*eol_p = ++eol;,13.0,eol
preIncr,grep.c,1352,+,+,+, = --bol,21.0,		const char *eol = --bol;,22.0,bol
preIncr,grep.c,1392,+,+,+, = --bol,21.0,		const char *eol = --bol;,22.0,bol
preIncr,http.c,2199,+,+,+,ret == HTTP_REAUTH && --i,31.0,	while (ret == HTTP_REAUTH && --i) {,32.0,i
preIncr,imap-send.c,497,+,+,+,cmd->tag = ++imap->nexttag,13.0,	cmd->tag = ++imap->nexttag;,14.0,imap -> nexttag
preIncr,index-pack.c,1820,+,+,+,argv[++i],27.0,				progress_title = argv[++i];,28.0,i
preIncr,index-pack.c,1828,+,+,+,argv[++i],23.0,				index_name = argv[++i];,24.0,i
preIncr,inet_pton.c,72,+,-,+,++octets > 4,,,38.0,octets
preIncr,inet_pton.c,79,+,-,+,*++tp,,,27.0,tp
preIncr,inet_pton.c,120,+,-,+,*++src,,,23.0,src
preIncr,kwset.c,185,+,+,+,*--text,58.0,      label = kwset->trans ? kwset->trans[U(*--text)] : *--text;,47.0,text
preIncr,kwset.c,233,+,+,+,dirs[--depth],13.0,	  if (dirs[--depth] == L),14.0,depth
preIncr,kwset.c,249,+,+,+,dirs[depth] == L && --links[depth]->balance,39.0,	  if (depth && ((dirs[depth] == L && --links[depth]->balance),40.0,links [ depth ] -> balance
preIncr,kwset.c,250,+,+,+,dirs[depth] == R && ++links[depth]->balance,28.0,			|| (dirs[depth] == R && ++links[depth]->balance))),29.0,links [ depth ] -> balance
preIncr,kwset.c,686,+,+,+,*--beg,36.0,	  c = trans ? trans[U(*--beg)] : *--beg;,26.0,beg
preIncr,kwset.c,737,+,+,+,*--beg,36.0,	  c = trans ? trans[U(*--beg)] : *--beg;,26.0,beg
preIncr,line-range.c,150,+,+,+,*--bol,26.0,		while (bol > start && *--bol != '\n'),27.0,bol
preIncr,linear-assignment.c,118,+,+,+,free_row[--k],15.0,					free_row[--k] = i0;,16.0,k
preIncr,list-objects-filter.c,452,+,+,+,filter_data->array_frame[--filter_data->nr],37.0,		frame = &filter_data->array_frame[--filter_data->nr];,38.0,filter_data -> nr
preIncr,log.c,1441,+,+,+,++z == m,6.0,	if (++z == m),7.0,z
preIncr,log.c,2364,+,+,+,0 <= --nr,14.0,	while (0 <= --nr) {,15.0,nr
preIncr,ls-files.c,659,+,+,+,"add_pattern(exclude_list.items[i].string, """", 0, pl, --exclude_args)",56.0,"		add_pattern(exclude_list.items[i].string, """", 0, pl, --exclude_args);",57.0,exclude_args
preIncr,mailinfo.c,81,+,+,+,!--depth,10.0,				if (!--depth),11.0,depth
preIncr,mailinfo.c,258,+,-,+,++mi->content_top >= &mi->content[MAX_BOUNDARIES],,,8.0,mi -> content_top
preIncr,mailinfo.c,263,+,+,+,++mi->content_top >= &mi->content[MAX_BOUNDARIES],7.0,		if (++mi->content_top >= &mi->content[MAX_BOUNDARIES]) {,8.0,mi -> content_top
preIncr,mailinfo.c,944,+,-,+,--mi->content_top < mi->content,,,8.0,mi -> content_top
preIncr,mailinfo.c,962,+,+,+,--mi->content_top < mi->content,7.0,		if (--mi->content_top < mi->content) {,8.0,mi -> content_top
preIncr,mailmap.c,268,+,+,+,0 <= --i,14.0,	while (0 <= --i && i < map->nr) {,15.0,i
preIncr,mailsplit.c,27,+,+,+,*--colon,8.0,		if (*--colon == ':'),9.0,colon
preIncr,mailsplit.c,200,+,+,+,"xstrfmt(""%s/%0*d"", dir, nr_prec, ++skip)",43.0,"		name = xstrfmt(""%s/%0*d"", dir, nr_prec, ++skip);",44.0,skip
preIncr,mailsplit.c,259,+,+,+,"xstrfmt(""%s/%0*d"", dir, nr_prec, ++skip)",49.0,"		char *name = xstrfmt(""%s/%0*d"", dir, nr_prec, ++skip);",50.0,skip
preIncr,malloc.c.h,4883,+,-,-,--fm->release_checks == 0,,,,
preIncr,merge-index.c,34,+,+,+,++pos < the_repository->index->cache_nr,11.0,	} while (++pos < the_repository->index->cache_nr);,12.0,pos
preIncr,merge-ort.c,823,+,+,+,buf.buf[++i_sb],13.0,				buf.buf[++i_sb] = ' ';,14.0,i_sb
preIncr,merge-recursive.c,71,-,+,+,,19.0,	o.branch1 = argv[++i];,20.0,i
preIncr,merge-recursive.c,72,-,+,+,,19.0,	o.branch2 = argv[++i];,20.0,i
preIncr,merge-recursive.c,2060,+,+,+,*--end_of_new,10.0,	while (*--end_of_new == *--end_of_old &&,11.0,end_of_new
preIncr,merge-recursive.c,2086,+,+,+,--end_of_old - old_path,33.0,"		*old_dir = xstrndup(old_path, --end_of_old - old_path);",34.0,end_of_old
preIncr,merge-recursive.c,2109,+,+,+,"strchr(++end_of_old, '/')",22.0,"	end_of_old = strchr(++end_of_old, '/');",23.0,end_of_old
preIncr,merge-recursive.c,2110,+,+,+,"strchr(++end_of_new, '/')",22.0,"	end_of_new = strchr(++end_of_new, '/');",23.0,end_of_new
preIncr,merge.c,148,+,+,+,*++ctx->argv,10.0,		arg = *++ctx->argv;,11.0,ctx -> argv
preIncr,merge.c,535,+,+,+,*++ptr,12.0,			while (*++ptr && isdigit(*ptr)) {,13.0,ptr
preIncr,midx-write.c,110,+,+,+,"display_progress(ctx->progress, ++ctx->pack_paths_checked)",35.0,"		display_progress(ctx->progress, ++ctx->pack_paths_checked);",36.0,ctx -> pack_paths_checked
preIncr,mingw.c,786,+,-,+,wfilename[--n],,,26.0,n
preIncr,mingw.c,2885,+,-,+,path[++i],,,21.0,i
preIncr,mingw.c,2886,+,-,+,path[++i],,,21.0,i
preIncr,mingw.c,2894,+,-,+,path[++i],,,20.0,i
preIncr,mingw.c,2896,+,-,+,path[++i],,,15.0,i
preIncr,mingw.c,2898,+,-,+,path[++i],,,16.0,i
preIncr,mingw.c,2919,+,-,+,path[++i],,,21.0,i
preIncr,mingw.c,2920,+,-,+,path[++i],,,21.0,i
preIncr,mingw.c,2921,+,-,+,path[++i],,,24.0,i
preIncr,mingw.c,2925,+,-,+,path[++i],,,21.0,i
preIncr,mingw.c,2926,+,-,+,path[++i],,,21.0,i
preIncr,mingw.c,2932,+,-,+,path[++i],,,21.0,i
preIncr,mingw.c,2933,+,-,+,path[++i],,,21.0,i
preIncr,mingw.c,2950,+,-,+,path[++i],,,18.0,i
preIncr,mv.c,197,+,+,+,--argc < 1,6.0,	if (--argc < 1),7.0,argc
preIncr,mv.c,429,+,+,+,--argc > 0,7.0,		if (--argc > 0) {,8.0,argc
preIncr,name-hash.c,106,+,+,+,!(--dir->nr),18.0,	while (dir && !(--dir->nr)) {,19.0,dir -> nr
preIncr,name-rev.c,250,+,+,+,parents_to_queue[--parents_to_queue_nr],29.0,				       parents_to_queue[--parents_to_queue_nr]);,30.0,parents_to_queue_nr
preIncr,name-rev.c,525,+,+,+,++counter == hexsz,12.0,		else if (++counter == hexsz &&,13.0,counter
preIncr,object-name.c,1105,+,+,+,!--idx,8.0,		if (!--idx) {,9.0,idx
preIncr,object-name.c,1462,-,+,+,,6.0,	if (--(cb->remaining) == 0) {,7.0,( cb -> remaining )
preIncr,object.c,409,+,+,+,array->nr = ++nr,14.0,	array->nr = ++nr;,15.0,nr
preIncr,object.c,432,+,-,-,array->nr = ++nr,,,,
preIncr,pack-bitmap.c,2260,-,+,+,,31.0,"	display_progress(tdata->prg, ++tdata->seen);",32.0,tdata -> seen
preIncr,pack-bitmap.c,2275,+,+,+,"display_progress(tdata->prg, ++tdata->seen)",31.0,"	display_progress(tdata->prg, ++tdata->seen);",32.0,tdata -> seen
preIncr,pack-objects.c,517,+,+,+,dheader[--pos],12.0,			dheader[--pos] = 128 | (--ofs & 127);,29.0,ofs
preIncr,pack-objects.c,615,+,+,+,dheader[--pos],12.0,			dheader[--pos] = 128 | (--ofs & 127);,29.0,ofs
preIncr,pack-objects.c,931,+,+,+,objects[--i],37.0,		struct object_entry *e = &objects[--i];,38.0,i
preIncr,pack-objects.c,1085,+,+,+,ofs_header[--i],16.0,				ofs_header[--i] = 128 | (--ofs & 127);,17.0,i
preIncr,pack-objects.c,1210,+,+,+,"display_progress(progress_state, ++written)",37.0,"			display_progress(progress_state, ++written);",38.0,written
preIncr,pack-objects.c,1335,+,+,+,utb.modtime = --last_mtime,19.0,				utb.modtime = --last_mtime;,20.0,last_mtime
preIncr,pack-objects.c,1657,+,+,+,"display_progress(progress_state, ++nr_seen)",35.0,"	display_progress(progress_state, ++nr_seen);",36.0,nr_seen
preIncr,pack-objects.c,1683,-,+,+,,35.0,"	display_progress(progress_state, ++nr_seen);",36.0,nr_seen
preIncr,pack-objects.c,2794,+,+,+,--j > 0,10.0,		while (--j > 0) {,11.0,j
preIncr,pack-objects.c,3340,+,+,+,"display_progress(progress_state, ++nr_seen)",35.0,"	display_progress(progress_state, ++nr_seen);",36.0,nr_seen
preIncr,pack-objects.c,3540,+,+,+,"display_progress(progress_state, ++nr_seen)",35.0,"	display_progress(progress_state, ++nr_seen);",36.0,nr_seen
preIncr,pack-objects.c,4131,+,+,+,line[--len],9.0,			line[--len] = 0;,10.0,len
preIncr,pack-revindex.c,107,+,+,+,"to[--pos[BUCKET_FOR(from, i, bits)]]",7.0,"			to[--pos[BUCKET_FOR(from, i, bits)]] = from[i];",8.0,"pos [ BUCKET_FOR ( from , i , bits ) ]"
preIncr,packed-backend.c,193,+,+,+,!--snapshot->referrers,7.0,	if (!--snapshot->referrers) {,8.0,snapshot -> referrers
preIncr,packed-backend.c,436,+,+,+,++p < end,9.0,	while (++p < end && (p[-1] != '\n' || p[0] == '^')),10.0,p
preIncr,packed-backend.c,452,+,-,-,++p < end,,,,
preIncr,packfile.c,1351,+,+,+,poi_stack[--poi_stack_nr],26.0,		obj_offset = poi_stack[--poi_stack_nr];,27.0,poi_stack_nr
preIncr,packfile.c,1820,+,+,+,i = --delta_stack_nr,7.0,		i = --delta_stack_nr;,8.0,delta_stack_nr
preIncr,parse-options.c,57,+,+,+,*++p->argv,11.0,		*arg = *++p->argv;,12.0,p -> argv
preIncr,path.c,1237,+,-,-,path[--path_len],,,,
preIncr,path.c,1290,+,+,+,path[--path_len],17.0,		else if (path[--path_len] != suffix[--suffix_len]),18.0,path_len
preIncr,path.c,1428,+,-,-,name[++i],,,,
preIncr,path.c,1481,+,+,+,name[++i],13.0,			if (name[++i] < '1' || name[i] > '9'),14.0,i
preIncr,pkt-line.c,409,+,+,+,"return ++path;
",9.0,	return ++path;,10.0,path
preIncr,preload-index.c,90,+,+,+,--nr > 0,11.0,	} while (--nr > 0);,12.0,nr
preIncr,pretty.c,674,+,+,+,*++cp,15.0,		if (!cp || *++cp == '\n'),16.0,cp
preIncr,prio-queue.c,66,+,+,+,queue->array[--queue->nr],23.0,		return queue->array[--queue->nr].data; /* LIFO */,24.0,queue -> nr
preIncr,prio-queue.c,69,+,+,+,!--queue->nr,7.0,	if (!--queue->nr),8.0,queue -> nr
preIncr,progress.c,116,+,+,+,!progress_update || --progress->delay,46.0,	if (progress->delay && (!progress_update || --progress->delay)),47.0,progress -> delay
preIncr,push.c,108,+,+,+,nr <= ++i,14.0,			if (nr <= ++i),15.0,i
preIncr,quote.c,130,+,+,+,*++src,8.0,		c = *++src;,9.0,src
preIncr,quote.c,138,+,+,+,*++src,12.0,		switch (*++src) {,13.0,src
preIncr,quote.c,189,+,+,+,*++next,10.0,				c = *++next;,11.0,next
preIncr,range-diff.c,525,+,+,+,++i < a->nr,13.0,			a_util = ++i < a->nr ? a->items[i].util : NULL;,14.0,i
preIncr,range-diff.c,541,+,+,+,++j < b->nr,13.0,			b_util = ++j < b->nr ? b->items[j].util : NULL;,14.0,j
preIncr,read-cache.c,1062,+,+,+,"remove_index_entry_at(istate, --pos)",33.0,"		remove_index_entry_at(istate, --pos);",34.0,pos
preIncr,read-cache.c,1063,+,-,-,"remove_index_entry_at(istate, --pos)",,,,
preIncr,read-cache.c,1161,+,+,+,*--slash,9.0,			if (*--slash == '/'),10.0,slash
preIncr,read-cache.c,1162,+,-,-,*--slash,,,,
preIncr,ref-cache.c,402,+,+,+,++level->index == level->dir->nr,7.0,		if (++level->index == level->dir->nr) {,8.0,level -> index
preIncr,ref-cache.c,404,+,+,+,--iter->levels_nr == 0,8.0,			if (--iter->levels_nr == 0),9.0,iter -> levels_nr
preIncr,ref-filter.c,2929,+,+,+,++ref_cbdata->internal.count >= ref_cbdata->format->array_opts.max_count,6.0,	    ++ref_cbdata->internal.count >= ref_cbdata->format->array_opts.max_count),7.0,ref_cbdata -> internal . count
preIncr,reflog.c,272,-,+,+,,23.0,	if (cb->cmd.recno && --(cb->cmd.recno) == 0),24.0,( cb -> cmd . recno )
preIncr,refs.c,1431,+,-,-,ref[--len],,,,
preIncr,refs.c,1468,+,+,+,ref[--len],8.0,			ref[--len] = '\0';,9.0,len
preIncr,refspec.c,61,+,+,-,strlen(++rhs),24.0,		size_t rlen = strlen(++rhs);,,
preIncr,regcomp.c,348,-,-,+,,,,16.0,node
preIncr,regcomp.c,369,-,-,+,,,,48.0,ch
preIncr,regcomp.c,417,-,-,+,,,,16.0,c
preIncr,regcomp.c,945,-,-,+,,,,46.0,ch
preIncr,regcomp.c,975,-,-,+,,,,45.0,ch
preIncr,regcomp.c,3567,-,-,+,,,,28.0,i
preIncr,regcomp.c,3573,-,-,+,,,,28.0,i
preIncr,regex_internal.c,746,-,-,+,,,,18.0,i
preIncr,regex_internal.c,1097,-,-,+,,,,19.0,sbase
preIncr,regex_internal.c,1099,-,-,+,,,,9.0,i1
preIncr,regex_internal.c,1106,-,-,+,,,,9.0,i2
preIncr,regex_internal.c,1111,-,-,+,,,,9.0,i1
preIncr,regex_internal.c,1138,-,-,+,,,,11.0,id
preIncr,regex_internal.c,1237,-,-,+,,,,15.0,sbase
preIncr,regex_internal.c,1271,-,-,+,,,,9.0,id
preIncr,regexec.c,1381,-,-,+,,,,14.0,fs -> num
preIncr,regexec.c,2406,-,-,+,,,,9.0,cur_str_idx
preIncr,regexec.c,3468,-,-,+,,,,32.0,ch
preIncr,regexec.c,3499,-,-,+,,,,32.0,ch
preIncr,remote-ext.c,182,+,+,+,buffer[--i],11.0,			buffer[--i] = 0;,12.0,i
preIncr,remote-fd.c,38,+,+,+,buffer[--i],11.0,			buffer[--i] = 0;,12.0,i
preIncr,remote.c,814,+,+,+,"display_progress(progress, ++refs_renamed_nr)",30.0,"		display_progress(progress, ++refs_renamed_nr);",31.0,refs_renamed_nr
preIncr,remote.c,830,+,+,+,"display_progress(progress, ++refs_renamed_nr)",30.0,"		display_progress(progress, ++refs_renamed_nr);",31.0,refs_renamed_nr
preIncr,remote.c,850,+,+,+,"display_progress(progress, ++refs_renamed_nr)",30.0,"		display_progress(progress, ++refs_renamed_nr);",31.0,refs_renamed_nr
preIncr,reset.c,184,+,+,+,desc[--nr],21.0,		free((void *)desc[--nr].buffer);,22.0,nr
preIncr,rev-list.c,148,+,+,+,"display_progress(progress, ++progress_counter)",29.0,"	display_progress(progress, ++progress_counter);",30.0,progress_counter
preIncr,rev-list.c,288,+,+,+,"display_progress(progress, ++progress_counter)",29.0,"	display_progress(progress, ++progress_counter);",30.0,progress_counter
preIncr,rev-list.c,666,+,+,+,"strcmp(++arg, ""human"")",17.0,"				if (!strcmp(++arg, ""human"")) {",18.0,arg
preIncr,rev-parse.c,738,+,+,+,argv[++i],31.0,				const char *gitdir = argv[++i];,32.0,i
preIncr,rev-parse.c,780,+,+,+,++i >= argc,9.0,				if (++i >= argc),10.0,i
preIncr,rev-parse.c,806,+,+,+,argv[++i],16.0,				def = argv[++i];,17.0,i
preIncr,rev-parse.c,812,+,+,+,argv[++i],19.0,				prefix = argv[++i];,20.0,i
preIncr,revision.c,273,+,+,+,stack->items[--stack->nr],34.0,	return stack->nr ? stack->items[--stack->nr] : NULL;,35.0,stack -> nr
preIncr,revision.c,916,+,+,+,--st->nparents == 1,6.0,	if (--st->nparents == 1) {,7.0,st -> nparents
preIncr,revision.c,4123,+,+,+,++n >= 2,10.0,					if (++n >= 2),11.0,n
preIncr,sequencer.c,602,+,+,+,--buf->len > orig_len,7.0,		if (--buf->len > orig_len && buf->buf[buf->len - 1] == '\r'),8.0,buf -> len
preIncr,sequencer.c,1987,+,+,+,"update_comment_bufs(&buf1, &buf2, ++i)",38.0,"			update_comment_bufs(&buf1, &buf2, ++i);",39.0,i
preIncr,sequencer.c,1994,+,+,+,"update_comment_bufs(&buf1, &buf2, ++i)",38.0,"			update_comment_bufs(&buf1, &buf2, ++i);",39.0,i
preIncr,sequencer.c,2026,+,+,+,++ctx->current_fixup_count + 1,7.0,		    ++ctx->current_fixup_count + 1);,8.0,ctx -> current_fixup_count
preIncr,sequencer.c,2137,+,+,+,++ctx->current_fixup_count + 1,8.0,			    ++ctx->current_fixup_count + 1);,9.0,ctx -> current_fixup_count
preIncr,sequencer.c,4545,+,+,+,++i < todo_list->nr,9.0,	while (++i < todo_list->nr),10.0,i
preIncr,sequencer.c,5779,+,+,+,"strchr(++p1, '\'')",20.0,"		    (p2 = strchr(++p1, '\'')))",21.0,p1
preIncr,setup.c,1453,+,+,+,--offset > ceil_offset,10.0,		while (--offset > ceil_offset && !is_dir_sep(dir->buf[offset])),11.0,offset
preIncr,setup.c,1506,+,-,-,--offset > ceil_offset,,,,
preIncr,sh-i18n--envsubst.c,144,+,+,+,*++string,13.0,	      c = *++string;,14.0,string
preIncr,shell.c,109,+,+,+,--len > 0,8.0,			if (--len > 0 && rawargs[len - 1] == '\r'),9.0,len
preIncr,show-branch.c,973,+,+,+,--extra < 0,28.0,		if (shown_merge_point && --extra < 0),29.0,extra
preIncr,show-ref.c,139,+,+,+,buf[--len],8.0,			buf[--len] = '\0';,9.0,len
preIncr,stash.c,1493,-,+,+,,45.0,"	strbuf_join_argv(&stash_msg_buf, argc - 1, ++argv, ' ');",46.0,argv
preIncr,strbuf.c,140,+,+,+,--sb->len > 0,7.0,		if (--sb->len > 0 && sb->buf[sb->len - 1] == '\r'),8.0,sb -> len
preIncr,strbuf.c,330,+,+,+,"while (--argc){
    strbuf_addch(buf, delim);
    strbuf_addstr(buf, *(++argv));
}
",9.0,	while (--argc) {,10.0,argc
preIncr,strbuf.c,332,+,+,+,*(++argv),24.0,"		strbuf_addstr(buf, *(++argv));",25.0,argv
preIncr,strbuf.c,391,+,+,+,sb->buf[--sb->len],11.0,		sb->buf[--sb->len] = '\0';,12.0,sb -> len
preIncr,syslog.c,49,+,-,+,"st_add(++str_len, 1)",,,30.0,str_len
preIncr,test-dir-iterator.c,26,-,-,+,,,,16.0,argc
preIncr,test-json-writer.c,450,+,+,+,buf[--len],8.0,			buf[--len] = 0;,9.0,len
preIncr,test-json-writer.c,489,+,+,+,state.nr = ++line_nr,14.0,		state.nr = ++line_nr;,15.0,line_nr
preIncr,test-path-utils.c,273,+,+,+,names[i][--len],13.0,			names[i][--len] = (char)(' ' + (my_random() % ('\x7f' - ' ')));,14.0,len
preIncr,test-xml-encode.c,16,-,+,+,,7.0,		if (++cur == len) {,8.0,cur
preIncr,test-xml-encode.c,35,-,+,+,,8.0,			if (--remaining == 0) {,9.0,remaining
preIncr,trace2.c,310,-,-,+,,,,8.0,i
preIncr,transport.c,1615,+,+,+,strlen(++anon_part),20.0,	anon_len = strlen(++anon_part);,21.0,anon_part
preIncr,tree-walk.c,228,+,+,+,path[--pos],8.0,		path[--pos] = '/';,9.0,pos
preIncr,tree-walk.c,592,+,+,+,++entrylen == namelen,7.0,		if (++entrylen == namelen) {,8.0,entrylen
preIncr,unpack-trees.c,107,+,+,+,++idx >= ARRAY_SIZE(buf),6.0,	if (++idx >= ARRAY_SIZE(buf)),7.0,idx
preIncr,unpack-trees.c,459,+,+,+,"display_progress(progress, ++cnt)",31.0,"			display_progress(progress, ++cnt);",32.0,cnt
preIncr,unpack-trees.c,495,+,+,+,"display_progress(progress, ++cnt)",32.0,"				display_progress(progress, ++cnt);",33.0,cnt
preIncr,unpack-trees.c,592,+,+,+,(++count) + i,10.0,	while ((++count) + i < istate->cache_nr &&,11.0,count
preIncr,update-index.c,838,-,+,+,,18.0,"	if (strtoul_ui(*++ctx->argv, 8, &mode) ||",19.0,ctx -> argv
preIncr,update-index.c,839,-,+,+,,19.0,"	    get_oid_hex(*++ctx->argv, &oid) ||",20.0,ctx -> argv
preIncr,update-index.c,840,-,+,+,,33.0,"	    add_cacheinfo(mode, &oid, *++ctx->argv, 0))",34.0,ctx -> argv
preIncr,upload-pack.c,662,+,+,+,get_indexed_object(--i),26.0,		o = get_indexed_object(--i);,27.0,i
preIncr,urlmatch.c,205,+,+,+,++at_ptr - url,15.0,		url_len -= (++at_ptr - url);,16.0,at_ptr
preIncr,urlmatch.c,379,+,+,+,*--prev_slash,12.0,			while (*--prev_slash != '/') {},13.0,prev_slash
preIncr,varint.c,26,+,+,+,varint[--pos],10.0,		varint[--pos] = 128 | (--value & 127);,11.0,pos
preIncr,walker.c,199,+,+,+,"display_progress(progress, ++nr)",30.0,"		display_progress(progress, ++nr);",31.0,nr
preIncr,wildmatch.c,77,+,+,+,*++p,12.0,			p_ch = *++p;,13.0,p
preIncr,wildmatch.c,89,+,+,+,*++p,9.0,			if (*++p == '*') {,10.0,p
preIncr,wildmatch.c,91,+,+,+,*++p,13.0,				while (*++p == '*') {},14.0,p
preIncr,wildmatch.c,172,+,+,+,*++text,13.0,				t_ch = *++text;,14.0,text
preIncr,wildmatch.c,176,+,+,+,*++p,12.0,			p_ch = *++p;,13.0,p
preIncr,wildmatch.c,185,+,+,+,*++p,13.0,				p_ch = *++p;,14.0,p
preIncr,wildmatch.c,193,+,+,+,*++p,14.0,					p_ch = *++p;,15.0,p
preIncr,wildmatch.c,199,+,+,+,*++p,14.0,					p_ch = *++p;,15.0,p
preIncr,wildmatch.c,201,+,+,+,*++p,15.0,						p_ch = *++p;,16.0,p
preIncr,wildmatch.c,271,+,+,+,*++p,38.0,"			} while (prev_ch = p_ch, (p_ch = *++p) != ']');",39.0,p
preIncr,xdiffi.c,75,+,+,+,--fmin - 1,9.0,			kvdf[--fmin - 1] = -1;,10.0,fmin
preIncr,xdiffi.c,79,+,+,+,++fmax + 1,9.0,			kvdf[++fmax + 1] = -1;,10.0,fmax
preIncr,xdiffi.c,112,+,+,+,--bmin - 1,9.0,			kvdb[--bmin - 1] = XDL_LINE_MAX;,10.0,bmin
preIncr,xdiffi.c,116,+,+,+,++bmax + 1,9.0,			kvdb[++bmax + 1] = XDL_LINE_MAX;,10.0,bmax
preIncr,xdiffi.c,785,+,+,+,xdf->rchg[--g->start],13.0,		xdf->rchg[--g->start] = 1;,14.0,g -> start
preIncr,xdiffi.c,786,+,+,+,xdf->rchg[--g->end],13.0,		xdf->rchg[--g->end] = 0;,14.0,g -> end
preIncr,xpatience.c,107,+,+,+,++index >= map->alloc,8.0,			if (++index >= map->alloc),9.0,index
preIncr,xutils.c,328,+,+,+,*--ptr,4.0,		*--ptr = '-';,5.0,ptr
preIncr,xutils.c,332,+,+,+,*--ptr,4.0,"		*--ptr = ""0123456789""[val % 10];",5.0,ptr
