post-increment,/home/ubuntu/atoms/projects/git/lockfile.c,55,8,"depth --"
post-increment,/home/ubuntu/atoms/projects/git/refspec.c,200,11,"rs -> nr ++"
post-increment,/home/ubuntu/atoms/projects/git/refspec.c,203,9,"rs -> raw_nr ++"
post-increment,/home/ubuntu/atoms/projects/git/wt-status.c,534,21,"pos ++"
post-increment,/home/ubuntu/atoms/projects/git/wt-status.c,2445,21,"pos ++"
post-increment,/home/ubuntu/atoms/projects/git/prio-queue.c,42,31,"queue -> insertion_ctr ++"
post-increment,/home/ubuntu/atoms/projects/git/run-command.c,1309,17,"pollsize ++"
post-increment,/home/ubuntu/atoms/projects/git/run-command.c,1097,27,"git_atexit_hdlrs . nr ++"
post-increment,/home/ubuntu/atoms/projects/git/serve.c,209,7,"out ++"
post-increment,/home/ubuntu/atoms/projects/git/dir.c,263,7,"cp ++"
post-increment,/home/ubuntu/atoms/projects/git/dir.c,632,21,"match ++"
post-increment,/home/ubuntu/atoms/projects/git/dir.c,3292,4,"out ++"
post-increment,/home/ubuntu/atoms/projects/git/dir.c,4083,6,"p ++"
post-increment,/home/ubuntu/atoms/projects/git/dir.c,4086,6,"p ++"
post-increment,/home/ubuntu/atoms/projects/git/dir.c,1830,47,"pos ++"
post-increment,/home/ubuntu/atoms/projects/git/dir.c,2236,21,"pos ++"
post-increment,/home/ubuntu/atoms/projects/git/dir.c,83,7,"s ++"
post-increment,/home/ubuntu/atoms/projects/git/dir.c,1129,6,"size ++"
post-increment,/home/ubuntu/atoms/projects/git/dir.c,312,7,"sz ++"
post-increment,/home/ubuntu/atoms/projects/git/dir.c,2540,28,"cdir -> nr_files ++"
post-increment,/home/ubuntu/atoms/projects/git/dir.c,1782,21,"dir -> ignored_nr ++"
post-increment,/home/ubuntu/atoms/projects/git/dir.c,1771,21,"dir -> nr ++"
post-increment,/home/ubuntu/atoms/projects/git/dir.c,2435,16,"dir -> untracked_nr ++"
post-increment,/home/ubuntu/atoms/projects/git/dir.c,1219,17,"group -> nr ++"
post-increment,/home/ubuntu/atoms/projects/git/dir.c,924,14,"pl -> nr ++"
post-increment,/home/ubuntu/atoms/projects/git/dir.c,3726,9,"rd -> index ++"
post-increment,/home/ubuntu/atoms/projects/git/dir.c,3534,9,"wd -> index ++"
post-increment,/home/ubuntu/atoms/projects/git/exec-cmd.c,363,13,"argc ++"
post-increment,/home/ubuntu/atoms/projects/git/reset.c,148,51,"nr ++"
post-increment,/home/ubuntu/atoms/projects/git/reset.c,154,36,"nr ++"
post-increment,/home/ubuntu/atoms/projects/git/abspath.c,142,7,"num_symlinks ++"
post-increment,/home/ubuntu/atoms/projects/git/daemon.c,763,7,"arg ++"
post-increment,/home/ubuntu/atoms/projects/git/daemon.c,1034,17,"socklist -> nr ++"
post-increment,/home/ubuntu/atoms/projects/git/daemon.c,1096,16,"socklist -> nr ++"
post-increment,/home/ubuntu/atoms/projects/git/ident.c,258,7,"src ++"
post-increment,/home/ubuntu/atoms/projects/git/ident.c,263,10,"sb -> len ++"
post-increment,/home/ubuntu/atoms/projects/git/oid-array.c,8,20,"array -> nr ++"
post-increment,/home/ubuntu/atoms/projects/git/credential.c,638,4,"p --"
post-increment,/home/ubuntu/atoms/projects/git/credential.c,298,3,"value ++"
post-increment,/home/ubuntu/atoms/projects/git/url.c,24,35,"url ++"
post-increment,/home/ubuntu/atoms/projects/git/url.c,27,28,"url ++"
post-increment,/home/ubuntu/atoms/projects/git/notes.c,1053,8,"counter ++"
post-increment,/home/ubuntu/atoms/projects/git/notes.c,548,7,"i ++"
post-increment,/home/ubuntu/atoms/projects/git/notes.c,549,7,"i ++"
post-increment,/home/ubuntu/atoms/projects/git/notes.c,550,7,"i ++"
post-increment,/home/ubuntu/atoms/projects/git/notes.c,548,23,"j ++"
post-increment,/home/ubuntu/atoms/projects/git/notes.c,549,23,"j ++"
post-increment,/home/ubuntu/atoms/projects/git/notes.c,439,38,"len ++"
post-increment,/home/ubuntu/atoms/projects/git/notes.c,603,10,"path_len ++"
post-increment,/home/ubuntu/atoms/projects/git/notes.c,485,34,"q ++"
post-increment,/home/ubuntu/atoms/projects/git/notes.c,486,34,"q ++"
post-increment,/home/ubuntu/atoms/projects/git/fsck.c,416,7,"counter ++"
post-increment,/home/ubuntu/atoms/projects/git/fsck.c,69,13,"p ++"
post-increment,/home/ubuntu/atoms/projects/git/fsck.c,71,20,"p ++"
post-increment,/home/ubuntu/atoms/projects/git/fsck.c,69,6,"q ++"
post-increment,/home/ubuntu/atoms/projects/git/fsck.c,71,5,"q ++"
post-increment,/home/ubuntu/atoms/projects/git/fsck.c,479,14,"stack -> nr ++"
post-increment,/home/ubuntu/atoms/projects/git/fsck.c,59,22,"( p ) ++"
post-increment,/home/ubuntu/atoms/projects/git/fsck.c,59,5,"( q ) ++"
post-increment,/home/ubuntu/atoms/projects/git/replace-object.c,78,8,"depth --"
post-increment,/home/ubuntu/atoms/projects/git/http-fetch.c,164,30,"arg ++"
post-increment,/home/ubuntu/atoms/projects/git/add-patch.c,385,8,"len --"
post-increment,/home/ubuntu/atoms/projects/git/add-patch.c,386,20,"p ++"
post-increment,/home/ubuntu/atoms/projects/git/add-patch.c,1368,40,"start_index ++"
post-increment,/home/ubuntu/atoms/projects/git/convert.c,1075,8,"cp ++"
post-increment,/home/ubuntu/atoms/projects/git/convert.c,1095,9,"cp ++"
post-increment,/home/ubuntu/atoms/projects/git/convert.c,571,5,"dst ++"
post-increment,/home/ubuntu/atoms/projects/git/convert.c,577,5,"dst ++"
post-increment,/home/ubuntu/atoms/projects/git/convert.c,1883,9,"input ++"
post-increment,/home/ubuntu/atoms/projects/git/convert.c,1621,9,"o ++"
post-increment,/home/ubuntu/atoms/projects/git/convert.c,1645,11,"o ++"
post-increment,/home/ubuntu/atoms/projects/git/convert.c,1652,11,"o ++"
post-increment,/home/ubuntu/atoms/projects/git/convert.c,1673,10,"o ++"
post-increment,/home/ubuntu/atoms/projects/git/convert.c,569,22,"src ++"
post-increment,/home/ubuntu/atoms/projects/git/convert.c,575,22,"src ++"
post-increment,/home/ubuntu/atoms/projects/git/rerere.c,344,7,"buf ++"
post-increment,/home/ubuntu/atoms/projects/git/rerere.c,343,8,"marker_size --"
post-increment,/home/ubuntu/atoms/projects/git/rerere.c,217,8,"path ++"
post-increment,/home/ubuntu/atoms/projects/git/rerere.c,973,21,"pos ++"
post-increment,/home/ubuntu/atoms/projects/git/diff.c,603,8,"data ++"
post-increment,/home/ubuntu/atoms/projects/git/diff.c,6346,4,"dst ++"
post-increment,/home/ubuntu/atoms/projects/git/diff.c,1078,7,"j ++"
post-increment,/home/ubuntu/atoms/projects/git/diff.c,3372,7,"len ++"
post-increment,/home/ubuntu/atoms/projects/git/diff.c,1105,6,"pmb_nr ++"
post-increment,/home/ubuntu/atoms/projects/git/diff.c,602,12,"size --"
post-increment,/home/ubuntu/atoms/projects/git/diff.c,2516,17,"diffstat -> nr ++"
post-increment,/home/ubuntu/atoms/projects/git/diff.c,5111,18,"options -> anchors_nr ++"
post-increment,/home/ubuntu/atoms/projects/git/diff.c,5430,23,"options -> ignore_regex_nr ++"
post-increment,/home/ubuntu/atoms/projects/git/diff.c,5908,14,"queue -> nr ++"
post-increment,/home/ubuntu/atoms/projects/git/diff.c,841,30,"o -> emitted_symbols -> nr ++"
post-increment,/home/ubuntu/atoms/projects/git/hex-ll.c,46,3,"binary ++"
post-increment,/home/ubuntu/atoms/projects/git/hex-ll.c,41,13,"len --"
post-increment,/home/ubuntu/atoms/projects/git/ewah/bitmap.c,114,16,"i ++"
post-increment,/home/ubuntu/atoms/projects/git/ewah/bitmap.c,159,14,"i ++"
post-increment,/home/ubuntu/atoms/projects/git/ewah/ewah_bitmap.c,463,13,"bitmap_pool_size ++"
post-increment,/home/ubuntu/atoms/projects/git/ewah/ewah_bitmap.c,473,38,"p ++"
post-increment,/home/ubuntu/atoms/projects/git/ewah/ewah_bitmap.c,472,8,"size --"
post-increment,/home/ubuntu/atoms/projects/git/ewah/ewah_bitmap.c,43,14,"self -> buffer_size ++"
post-increment,/home/ubuntu/atoms/projects/git/ewah/ewah_bitmap.c,138,17,"self -> buffer_size ++"
post-increment,/home/ubuntu/atoms/projects/git/send-pack.c,193,9,"once ++"
post-increment,/home/ubuntu/atoms/projects/git/send-pack.c,187,3,"p ++"
post-increment,/home/ubuntu/atoms/projects/git/send-pack.c,214,5,"p ++"
post-increment,/home/ubuntu/atoms/projects/git/send-pack.c,239,4,"p ++"
post-increment,/home/ubuntu/atoms/projects/git/fetch-pack.c,1595,50,"end ++"
post-increment,/home/ubuntu/atoms/projects/git/fetch-pack.c,103,14,"cache -> nr ++"
post-increment,/home/ubuntu/atoms/projects/git/strvec.c,19,10,"array -> nr ++"
post-increment,/home/ubuntu/atoms/projects/git/object-name.c,1311,25,"cp ++"
post-increment,/home/ubuntu/atoms/projects/git/object-name.c,1130,8,"generation --"
post-increment,/home/ubuntu/atoms/projects/git/object-name.c,883,11,"path ++"
post-increment,/home/ubuntu/atoms/projects/git/worktree.c,146,6,"counter ++"
post-increment,/home/ubuntu/atoms/projects/git/worktree.c,157,9,"counter ++"
post-increment,/home/ubuntu/atoms/projects/git/hashmap.c,33,8,"len --"
post-increment,/home/ubuntu/atoms/projects/git/hashmap.c,44,8,"len --"
post-increment,/home/ubuntu/atoms/projects/git/hashmap.c,61,8,"len --"
post-increment,/home/ubuntu/atoms/projects/git/hashmap.c,13,30,"str ++"
post-increment,/home/ubuntu/atoms/projects/git/hashmap.c,21,30,"str ++"
post-increment,/home/ubuntu/atoms/projects/git/hashmap.c,34,20,"ucbuf ++"
post-increment,/home/ubuntu/atoms/projects/git/hashmap.c,45,20,"ucbuf ++"
post-increment,/home/ubuntu/atoms/projects/git/hashmap.c,62,20,"ucbuf ++"
post-increment,/home/ubuntu/atoms/projects/git/hashmap.c,306,29,"iter -> tablepos ++"
post-increment,/home/ubuntu/atoms/projects/git/pack-revindex.c,148,31,"off_32 ++"
post-increment,/home/ubuntu/atoms/projects/git/line-log.c,528,6,"cur ++"
post-increment,/home/ubuntu/atoms/projects/git/line-log.c,533,8,"cur ++"
post-increment,/home/ubuntu/atoms/projects/git/line-log.c,159,20,"i ++"
post-increment,/home/ubuntu/atoms/projects/git/line-log.c,163,20,"i ++"
post-increment,/home/ubuntu/atoms/projects/git/line-log.c,167,19,"i ++"
post-increment,/home/ubuntu/atoms/projects/git/line-log.c,748,47,"i ++"
post-increment,/home/ubuntu/atoms/projects/git/line-log.c,161,20,"j ++"
post-increment,/home/ubuntu/atoms/projects/git/line-log.c,165,20,"j ++"
post-increment,/home/ubuntu/atoms/projects/git/line-log.c,169,19,"j ++"
post-increment,/home/ubuntu/atoms/projects/git/midx-write.c,463,32,"list ++"
post-increment,/home/ubuntu/atoms/projects/git/midx-write.c,487,32,"list ++"
post-increment,/home/ubuntu/atoms/projects/git/midx-write.c,524,8,"list ++"
post-increment,/home/ubuntu/atoms/projects/git/midx-write.c,497,48,"nr_large_offset ++"
post-increment,/home/ubuntu/atoms/projects/git/midx-write.c,955,28,"ctx . nr ++"
post-increment,/home/ubuntu/atoms/projects/git/midx-write.c,704,15,"data -> commits_nr ++"
post-increment,/home/ubuntu/atoms/projects/git/linear-assignment.c,56,12,"free_count ++"
post-increment,/home/ubuntu/atoms/projects/git/linear-assignment.c,120,14,"free_count ++"
post-increment,/home/ubuntu/atoms/projects/git/linear-assignment.c,85,16,"k ++"
post-increment,/home/ubuntu/atoms/projects/git/linear-assignment.c,164,17,"low ++"
post-increment,/home/ubuntu/atoms/projects/git/linear-assignment.c,145,15,"up ++"
post-increment,/home/ubuntu/atoms/projects/git/linear-assignment.c,155,9,"up ++"
post-increment,/home/ubuntu/atoms/projects/git/linear-assignment.c,178,11,"up ++"
post-increment,/home/ubuntu/atoms/projects/git/mailmap.c,180,4,"end ++"
post-increment,/home/ubuntu/atoms/projects/git/mailmap.c,124,2,"right ++"
post-increment,/home/ubuntu/atoms/projects/git/commit-reach.c,382,9,"count_non_stale ++"
post-increment,/home/ubuntu/atoms/projects/git/commit-reach.c,237,8,"filled ++"
post-increment,/home/ubuntu/atoms/projects/git/commit-reach.c,267,9,"filled ++"
post-increment,/home/ubuntu/atoms/projects/git/commit-reach.c,446,7,"i ++"
post-increment,/home/ubuntu/atoms/projects/git/commit-reach.c,600,9,"i ++"
post-increment,/home/ubuntu/atoms/projects/git/commit-reach.c,309,15,"walk_start_nr ++"
post-increment,/home/ubuntu/atoms/projects/git/commit-reach.c,714,32,"contains_stack -> nr ++"
post-increment,/home/ubuntu/atoms/projects/git/quote.c,273,2,"count ++"
post-increment,/home/ubuntu/atoms/projects/git/quote.c,134,4,"dst ++"
post-increment,/home/ubuntu/atoms/projects/git/quote.c,152,5,"dst ++"
post-increment,/home/ubuntu/atoms/projects/git/quote.c,299,23,"p ++"
post-increment,/home/ubuntu/atoms/projects/git/quote.c,406,6,"quoted ++"
post-increment,/home/ubuntu/atoms/projects/git/quote.c,414,11,"quoted ++"
post-increment,/home/ubuntu/atoms/projects/git/quote.c,425,17,"quoted ++"
post-increment,/home/ubuntu/atoms/projects/git/quote.c,440,14,"quoted ++"
post-increment,/home/ubuntu/atoms/projects/git/quote.c,443,14,"quoted ++"
post-increment,/home/ubuntu/atoms/projects/git/quote.c,40,22,"src ++"
post-increment,/home/ubuntu/atoms/projects/git/quote.c,468,14,"src ++"
post-increment,/home/ubuntu/atoms/projects/git/quote.c,501,14,"src ++"
post-increment,/home/ubuntu/atoms/projects/git/quote.c,519,14,"src ++"
post-increment,/home/ubuntu/atoms/projects/git/quote.c,556,20,"src ++"
post-increment,/home/ubuntu/atoms/projects/git/quote.c,560,20,"src ++"
post-increment,/home/ubuntu/atoms/projects/git/quote.c,562,14,"src ++"
post-increment,/home/ubuntu/atoms/projects/git/quote.c,194,11,"( * nr ) ++"
post-increment,/home/ubuntu/atoms/projects/git/loose.c,91,7,"p ++"
post-increment,/home/ubuntu/atoms/projects/git/wildmatch.c,64,38,"p ++"
post-increment,/home/ubuntu/atoms/projects/git/wildmatch.c,64,30,"text ++"
post-increment,/home/ubuntu/atoms/projects/git/dir-iterator.c,91,23,"iter -> levels_nr ++"
post-increment,/home/ubuntu/atoms/projects/git/dir-iterator.c,230,31,"level -> entries_idx ++"
post-increment,/home/ubuntu/atoms/projects/git/trailer.c,957,20,"i ++"
post-increment,/home/ubuntu/atoms/projects/git/trailer.c,1195,45,"iter -> internal . cur ++"
post-increment,/home/ubuntu/atoms/projects/git/pack-write.c,502,3,"hdr ++"
post-increment,/home/ubuntu/atoms/projects/git/pack-write.c,125,32,"list ++"
post-increment,/home/ubuntu/atoms/projects/git/pack-write.c,141,33,"list ++"
post-increment,/home/ubuntu/atoms/projects/git/pack-write.c,148,33,"list ++"
post-increment,/home/ubuntu/atoms/projects/git/pack-write.c,160,33,"list ++"
post-increment,/home/ubuntu/atoms/projects/git/pack-write.c,152,22,"nr_large_offset ++"
post-increment,/home/ubuntu/atoms/projects/git/xdiff/xmerge.c,442,13,"chg --"
post-increment,/home/ubuntu/atoms/projects/git/xdiff/xmerge.c,122,37,"i ++"
post-increment,/home/ubuntu/atoms/projects/git/xdiff/xmerge.c,442,20,"i ++"
post-increment,/home/ubuntu/atoms/projects/git/xdiff/xmerge.c,435,31,"ptr ++"
post-increment,/home/ubuntu/atoms/projects/git/xdiff/xmerge.c,434,8,"size --"
post-increment,/home/ubuntu/atoms/projects/git/xdiff/xmerge.c,225,8,"size ++"
post-increment,/home/ubuntu/atoms/projects/git/xdiff/xmerge.c,226,7,"size ++"
post-increment,/home/ubuntu/atoms/projects/git/xdiff/xmerge.c,246,9,"size ++"
post-increment,/home/ubuntu/atoms/projects/git/xdiff/xmerge.c,247,8,"size ++"
post-increment,/home/ubuntu/atoms/projects/git/xdiff/xmerge.c,259,8,"size ++"
post-increment,/home/ubuntu/atoms/projects/git/xdiff/xmerge.c,260,7,"size ++"
post-increment,/home/ubuntu/atoms/projects/git/xdiff/xmerge.c,277,8,"size ++"
post-increment,/home/ubuntu/atoms/projects/git/xdiff/xmerge.c,278,7,"size ++"
post-increment,/home/ubuntu/atoms/projects/git/xdiff/xhistogram.c,324,8,"count1 --"
post-increment,/home/ubuntu/atoms/projects/git/xdiff/xhistogram.c,337,10,"count1 --"
post-increment,/home/ubuntu/atoms/projects/git/xdiff/xhistogram.c,320,8,"count2 --"
post-increment,/home/ubuntu/atoms/projects/git/xdiff/xhistogram.c,339,10,"count2 --"
post-increment,/home/ubuntu/atoms/projects/git/xdiff/xhistogram.c,325,18,"line1 ++"
post-increment,/home/ubuntu/atoms/projects/git/xdiff/xhistogram.c,338,19,"line1 ++"
post-increment,/home/ubuntu/atoms/projects/git/xdiff/xhistogram.c,321,18,"line2 ++"
post-increment,/home/ubuntu/atoms/projects/git/xdiff/xhistogram.c,340,19,"line2 ++"
post-increment,/home/ubuntu/atoms/projects/git/xdiff/xprepare.c,379,75,"i ++"
post-increment,/home/ubuntu/atoms/projects/git/xdiff/xprepare.c,387,75,"i ++"
post-increment,/home/ubuntu/atoms/projects/git/xdiff/xprepare.c,394,23,"i ++"
post-increment,/home/ubuntu/atoms/projects/git/xdiff/xprepare.c,406,23,"i ++"
post-increment,/home/ubuntu/atoms/projects/git/xdiff/xprepare.c,433,6,"i ++"
post-increment,/home/ubuntu/atoms/projects/git/xdiff/xprepare.c,441,32,"i ++"
post-increment,/home/ubuntu/atoms/projects/git/xdiff/xprepare.c,193,8,"nrec ++"
post-increment,/home/ubuntu/atoms/projects/git/xdiff/xprepare.c,379,80,"recs ++"
post-increment,/home/ubuntu/atoms/projects/git/xdiff/xprepare.c,387,80,"recs ++"
post-increment,/home/ubuntu/atoms/projects/git/xdiff/xprepare.c,394,28,"recs ++"
post-increment,/home/ubuntu/atoms/projects/git/xdiff/xprepare.c,406,28,"recs ++"
post-increment,/home/ubuntu/atoms/projects/git/xdiff/xprepare.c,441,37,"recs1 --"
post-increment,/home/ubuntu/atoms/projects/git/xdiff/xprepare.c,433,11,"recs1 ++"
post-increment,/home/ubuntu/atoms/projects/git/xdiff/xprepare.c,441,46,"recs2 --"
post-increment,/home/ubuntu/atoms/projects/git/xdiff/xprepare.c,433,20,"recs2 ++"
post-increment,/home/ubuntu/atoms/projects/git/xdiff/xprepare.c,128,15,"cf -> count ++"
post-increment,/home/ubuntu/atoms/projects/git/xdiff/xprepare.c,140,15,"rcrec -> len1 ++"
post-increment,/home/ubuntu/atoms/projects/git/xdiff/xprepare.c,140,31,"rcrec -> len2 ++"
post-increment,/home/ubuntu/atoms/projects/git/xdiff/xutils.c,316,73,"bits ++"
post-increment,/home/ubuntu/atoms/projects/git/xdiff/xutils.c,196,10,"i1 ++"
post-increment,/home/ubuntu/atoms/projects/git/xdiff/xutils.c,214,10,"i1 ++"
post-increment,/home/ubuntu/atoms/projects/git/xdiff/xutils.c,196,22,"i2 ++"
post-increment,/home/ubuntu/atoms/projects/git/xdiff/xutils.c,214,22,"i2 ++"
post-increment,/home/ubuntu/atoms/projects/git/xdiff/xutils.c,377,6,"nb ++"
post-increment,/home/ubuntu/atoms/projects/git/xdiff/xutils.c,383,5,"nb ++"
post-increment,/home/ubuntu/atoms/projects/git/xdiff/xutils.c,334,15,"ptr ++"
post-increment,/home/ubuntu/atoms/projects/git/xdiff/xutils.c,334,22,"str ++"
post-increment,/home/ubuntu/atoms/projects/git/xdiff/xutils.c,337,3,"str ++"
post-increment,/home/ubuntu/atoms/projects/git/xdiff/xemit.c,297,40,"s1 ++"
post-increment,/home/ubuntu/atoms/projects/git/xdiff/xemit.c,297,46,"s2 ++"
post-increment,/home/ubuntu/atoms/projects/git/xdiff/xpatience.c,154,8,"count1 --"
post-increment,/home/ubuntu/atoms/projects/git/xdiff/xpatience.c,336,8,"count1 --"
post-increment,/home/ubuntu/atoms/projects/git/xdiff/xpatience.c,348,8,"count1 --"
post-increment,/home/ubuntu/atoms/projects/git/xdiff/xpatience.c,158,8,"count2 --"
post-increment,/home/ubuntu/atoms/projects/git/xdiff/xpatience.c,332,8,"count2 --"
post-increment,/home/ubuntu/atoms/projects/git/xdiff/xpatience.c,350,8,"count2 --"
post-increment,/home/ubuntu/atoms/projects/git/xdiff/xpatience.c,155,21,"line1 ++"
post-increment,/home/ubuntu/atoms/projects/git/xdiff/xpatience.c,337,18,"line1 ++"
post-increment,/home/ubuntu/atoms/projects/git/xdiff/xpatience.c,349,18,"line1 ++"
post-increment,/home/ubuntu/atoms/projects/git/xdiff/xpatience.c,159,21,"line2 ++"
post-increment,/home/ubuntu/atoms/projects/git/xdiff/xpatience.c,333,18,"line2 ++"
post-increment,/home/ubuntu/atoms/projects/git/xdiff/xpatience.c,351,18,"line2 ++"
post-increment,/home/ubuntu/atoms/projects/git/xdiff/xdiffi.c,127,64,"i1 --"
post-increment,/home/ubuntu/atoms/projects/git/xdiff/xdiffi.c,949,66,"i1 --"
post-increment,/home/ubuntu/atoms/projects/git/xdiff/xdiffi.c,90,56,"i1 ++"
post-increment,/home/ubuntu/atoms/projects/git/xdiff/xdiffi.c,127,70,"i2 --"
post-increment,/home/ubuntu/atoms/projects/git/xdiff/xdiffi.c,949,72,"i2 --"
post-increment,/home/ubuntu/atoms/projects/git/xdiff/xdiffi.c,90,62,"i2 ++"
post-increment,/home/ubuntu/atoms/projects/git/xdiff/xdiffi.c,265,70,"lim1 --"
post-increment,/home/ubuntu/atoms/projects/git/xdiff/xdiffi.c,265,78,"lim2 --"
post-increment,/home/ubuntu/atoms/projects/git/xdiff/xdiffi.c,264,62,"off1 ++"
post-increment,/home/ubuntu/atoms/projects/git/xdiff/xdiffi.c,264,70,"off2 ++"
post-increment,/home/ubuntu/atoms/projects/git/xdiff/xdiffi.c,765,12,"g -> end ++"
post-increment,/home/ubuntu/atoms/projects/git/xdiff/xdiffi.c,764,12,"g -> start ++"
post-increment,/home/ubuntu/atoms/projects/git/walker.c,250,4,"rf_one ++"
post-increment,/home/ubuntu/atoms/projects/git/walker.c,267,8,"targets --"
post-increment,/home/ubuntu/atoms/projects/git/pack-bitmap-write.c,297,15,"bb -> commits_nr ++"
post-increment,/home/ubuntu/atoms/projects/git/pack-bitmap-write.c,345,14,"bb -> commits_nr ++"
post-increment,/home/ubuntu/atoms/projects/git/string-list.c,126,16,"dst ++"
post-increment,/home/ubuntu/atoms/projects/git/string-list.c,148,15,"dst ++"
post-increment,/home/ubuntu/atoms/projects/git/string-list.c,219,23,"list -> nr ++"
post-increment,/home/ubuntu/atoms/projects/git/pack-objects.c,97,9,"cnt ++"
post-increment,/home/ubuntu/atoms/projects/git/pack-objects.c,98,54,"cnt ++"
post-increment,/home/ubuntu/atoms/projects/git/pack-objects.c,232,26,"pdata -> nr_ext ++"
post-increment,/home/ubuntu/atoms/projects/git/pack-objects.c,193,30,"pdata -> nr_objects ++"
post-increment,/home/ubuntu/atoms/projects/git/oss-fuzz/fuzz-date.c,26,13,"data ++"
post-increment,/home/ubuntu/atoms/projects/git/oss-fuzz/fuzz-date.c,27,8,"data ++"
post-increment,/home/ubuntu/atoms/projects/git/oss-fuzz/fuzz-date.c,33,7,"data ++"
post-increment,/home/ubuntu/atoms/projects/git/oss-fuzz/fuzz-date.c,34,19,"data ++"
post-increment,/home/ubuntu/atoms/projects/git/sha256/block/sha256.c,69,21,"i ++"
post-increment,/home/ubuntu/atoms/projects/git/sha256/block/sha256.c,194,20,"i ++"
post-increment,/home/ubuntu/atoms/projects/git/ref-filter.c,2477,24,"ahead_behind_atoms ++"
post-increment,/home/ubuntu/atoms/projects/git/ref-filter.c,2062,3,"dst ++"
post-increment,/home/ubuntu/atoms/projects/git/ref-filter.c,2077,34,"i ++"
post-increment,/home/ubuntu/atoms/projects/git/ref-filter.c,2115,34,"i ++"
post-increment,/home/ubuntu/atoms/projects/git/ref-filter.c,2077,41,"p ++"
post-increment,/home/ubuntu/atoms/projects/git/ref-filter.c,2115,41,"p ++"
post-increment,/home/ubuntu/atoms/projects/git/ref-filter.c,2126,8,"remaining --"
post-increment,/home/ubuntu/atoms/projects/git/ref-filter.c,3193,18,"s1 ++"
post-increment,/home/ubuntu/atoms/projects/git/ref-filter.c,3193,24,"s2 ++"
post-increment,/home/ubuntu/atoms/projects/git/ref-filter.c,2062,12,"src ++"
post-increment,/home/ubuntu/atoms/projects/git/ref-filter.c,2089,11,"start ++"
post-increment,/home/ubuntu/atoms/projects/git/ref-filter.c,3040,26,"array -> counts_nr ++"
post-increment,/home/ubuntu/atoms/projects/git/ref-filter.c,2734,14,"array -> nr ++"
post-increment,/home/ubuntu/atoms/projects/git/ref-filter.c,2997,16,"array -> nr ++"
post-increment,/home/ubuntu/atoms/projects/git/gpg-interface.c,253,9,"seen_exclusive_status ++"
post-increment,/home/ubuntu/atoms/projects/git/diff-no-index.c,207,37,"i1 ++"
post-increment,/home/ubuntu/atoms/projects/git/diff-no-index.c,214,37,"i2 ++"
post-increment,/home/ubuntu/atoms/projects/git/hex.c,91,3,"buf ++"
post-increment,/home/ubuntu/atoms/projects/git/hex.c,92,3,"buf ++"
post-increment,/home/ubuntu/atoms/projects/git/hex.c,13,3,"hash ++"
post-increment,/home/ubuntu/atoms/projects/git/hex.c,90,22,"hash ++"
post-increment,/home/ubuntu/atoms/projects/git/chunk-format.c,114,8,"toc_length --"
post-increment,/home/ubuntu/atoms/projects/git/help.c,203,35,"ci ++"
post-increment,/home/ubuntu/atoms/projects/git/help.c,206,20,"ci ++"
post-increment,/home/ubuntu/atoms/projects/git/help.c,212,34,"ci ++"
post-increment,/home/ubuntu/atoms/projects/git/help.c,203,15,"cj ++"
post-increment,/home/ubuntu/atoms/projects/git/help.c,212,14,"cj ++"
post-increment,/home/ubuntu/atoms/projects/git/help.c,130,27,"i ++"
post-increment,/home/ubuntu/atoms/projects/git/help.c,188,15,"j ++"
post-increment,/home/ubuntu/atoms/projects/git/help.c,683,41,"n ++"
post-increment,/home/ubuntu/atoms/projects/git/help.c,130,32,"nr ++"
post-increment,/home/ubuntu/atoms/projects/git/help.c,157,13,"cmds -> cnt ++"
post-increment,/home/ubuntu/atoms/projects/git/help.c,592,14,"cmds -> cnt ++"
post-increment,/home/ubuntu/atoms/projects/git/t/t4256/1/mailinfo.c,865,15,"cp ++"
post-increment,/home/ubuntu/atoms/projects/git/t/t4256/1/mailinfo.c,65,14,"in ++"
post-increment,/home/ubuntu/atoms/projects/git/t/t4256/1/mailinfo.c,93,14,"in ++"
post-increment,/home/ubuntu/atoms/projects/git/t/t4256/1/mailinfo.c,120,14,"in ++"
post-increment,/home/ubuntu/atoms/projects/git/t/t4256/1/mailinfo.c,379,14,"in ++"
post-increment,/home/ubuntu/atoms/projects/git/t/t4256/1/mailinfo.c,407,14,"in ++"
post-increment,/home/ubuntu/atoms/projects/git/t/t4256/1/mailinfo.c,420,10,"pos ++"
post-increment,/home/ubuntu/atoms/projects/git/t/unit-tests/test-lib.c,388,19,"str ++"
post-increment,/home/ubuntu/atoms/projects/git/t/helper/test-json-writer.c,500,21,"state . consumed_nr ++"
post-increment,/home/ubuntu/atoms/projects/git/t/helper/test-json-writer.c,408,28,"line -> consumed_nr ++"
post-increment,/home/ubuntu/atoms/projects/git/t/helper/test-genrandom.c,23,11,"c ++"
post-increment,/home/ubuntu/atoms/projects/git/t/helper/test-genrandom.c,27,8,"count --"
post-increment,/home/ubuntu/atoms/projects/git/t/helper/test-run-command.c,83,27,"suite -> next ++"
post-increment,/home/ubuntu/atoms/projects/git/t/helper/test-mergesort.c,370,8,"argc --"
post-increment,/home/ubuntu/atoms/projects/git/t/helper/test-mergesort.c,371,27,"argv ++"
post-increment,/home/ubuntu/atoms/projects/git/t/helper/test-mergesort.c,133,31,"i ++"
post-increment,/home/ubuntu/atoms/projects/git/t/helper/test-mergesort.c,327,41,"i ++"
post-increment,/home/ubuntu/atoms/projects/git/t/helper/test-mergesort.c,399,60,"i ++"
post-increment,/home/ubuntu/atoms/projects/git/t/helper/test-mergesort.c,402,52,"i ++"
post-increment,/home/ubuntu/atoms/projects/git/t/helper/test-mergesort.c,133,36,"j --"
post-increment,/home/ubuntu/atoms/projects/git/t/helper/test-mergesort.c,172,6,"j ++"
post-increment,/home/ubuntu/atoms/projects/git/t/helper/test-mergesort.c,174,6,"j ++"
post-increment,/home/ubuntu/atoms/projects/git/t/helper/test-mergesort.c,283,9,"stats . get_next ++"
post-increment,/home/ubuntu/atoms/projects/git/t/helper/test-mergesort.c,283,27,"stats . set_next ++"
post-increment,/home/ubuntu/atoms/projects/git/t/helper/test-regex.c,70,8,"argv ++"
post-increment,/home/ubuntu/atoms/projects/git/t/helper/test-regex.c,74,9,"argv ++"
post-increment,/home/ubuntu/atoms/projects/git/t/helper/test-ref-store.c,117,32,"argv ++"
post-increment,/home/ubuntu/atoms/projects/git/t/helper/test-ref-store.c,118,31,"argv ++"
post-increment,/home/ubuntu/atoms/projects/git/t/helper/test-ref-store.c,119,23,"argv ++"
post-increment,/home/ubuntu/atoms/projects/git/t/helper/test-ref-store.c,134,33,"argv ++"
post-increment,/home/ubuntu/atoms/projects/git/t/helper/test-ref-store.c,135,20,"argv ++"
post-increment,/home/ubuntu/atoms/projects/git/t/helper/test-ref-store.c,140,33,"argv ++"
post-increment,/home/ubuntu/atoms/projects/git/t/helper/test-ref-store.c,149,31,"argv ++"
post-increment,/home/ubuntu/atoms/projects/git/t/helper/test-ref-store.c,150,31,"argv ++"
post-increment,/home/ubuntu/atoms/projects/git/t/helper/test-ref-store.c,151,23,"argv ++"
post-increment,/home/ubuntu/atoms/projects/git/t/helper/test-ref-store.c,165,31,"argv ++"
post-increment,/home/ubuntu/atoms/projects/git/t/helper/test-ref-store.c,172,31,"argv ++"
post-increment,/home/ubuntu/atoms/projects/git/t/helper/test-ref-store.c,182,32,"argv ++"
post-increment,/home/ubuntu/atoms/projects/git/t/helper/test-ref-store.c,183,32,"argv ++"
post-increment,/home/ubuntu/atoms/projects/git/t/helper/test-ref-store.c,195,32,"argv ++"
post-increment,/home/ubuntu/atoms/projects/git/t/helper/test-ref-store.c,229,32,"argv ++"
post-increment,/home/ubuntu/atoms/projects/git/t/helper/test-ref-store.c,236,32,"argv ++"
post-increment,/home/ubuntu/atoms/projects/git/t/helper/test-ref-store.c,243,32,"argv ++"
post-increment,/home/ubuntu/atoms/projects/git/t/helper/test-ref-store.c,250,32,"argv ++"
post-increment,/home/ubuntu/atoms/projects/git/t/helper/test-ref-store.c,262,32,"argv ++"
post-increment,/home/ubuntu/atoms/projects/git/t/helper/test-ref-store.c,269,28,"argv ++"
post-increment,/home/ubuntu/atoms/projects/git/t/helper/test-ref-store.c,270,32,"argv ++"
post-increment,/home/ubuntu/atoms/projects/git/t/helper/test-ref-store.c,271,33,"argv ++"
post-increment,/home/ubuntu/atoms/projects/git/t/helper/test-ref-store.c,272,33,"argv ++"
post-increment,/home/ubuntu/atoms/projects/git/t/helper/test-ref-store.c,283,28,"argv ++"
post-increment,/home/ubuntu/atoms/projects/git/t/helper/test-ref-store.c,284,32,"argv ++"
post-increment,/home/ubuntu/atoms/projects/git/t/helper/test-ref-store.c,285,37,"argv ++"
post-increment,/home/ubuntu/atoms/projects/git/t/helper/test-ref-store.c,286,37,"argv ++"
post-increment,/home/ubuntu/atoms/projects/git/t/helper/test-ref-store.c,287,33,"argv ++"
post-increment,/home/ubuntu/atoms/projects/git/t/helper/test-ref-store.c,341,9,"argv ++"
post-increment,/home/ubuntu/atoms/projects/git/t/helper/test-proc-receive.c,96,7,"p ++"
post-increment,/home/ubuntu/atoms/projects/git/t/helper/test-proc-receive.c,98,7,"p ++"
post-increment,/home/ubuntu/atoms/projects/git/t/helper/test-reach.c,91,12,"X_nr ++"
post-increment,/home/ubuntu/atoms/projects/git/t/helper/test-reach.c,98,12,"Y_nr ++"
post-increment,/home/ubuntu/atoms/projects/git/t/helper/test-config.c,52,5,"nr ++"
post-increment,/home/ubuntu/atoms/projects/git/cache-tree.c,223,8,"dst ++"
post-increment,/home/ubuntu/atoms/projects/git/merge.c,70,12,"nr_trees ++"
post-increment,/home/ubuntu/atoms/projects/git/merge.c,75,12,"nr_trees ++"
post-increment,/home/ubuntu/atoms/projects/git/ws.c,359,13,"consecutive_spaces --"
post-increment,/home/ubuntu/atoms/projects/git/ws.c,267,8,"len --"
post-increment,/home/ubuntu/atoms/projects/git/grep.c,253,61,"count ++"
post-increment,/home/ubuntu/atoms/projects/git/grep.c,263,58,"count ++"
post-increment,/home/ubuntu/atoms/projects/git/combine-diff.c,1362,10,"i ++"
post-increment,/home/ubuntu/atoms/projects/git/combine-diff.c,1602,41,"i ++"
post-increment,/home/ubuntu/atoms/projects/git/combine-diff.c,579,9,"j ++"
post-increment,/home/ubuntu/atoms/projects/git/combine-diff.c,599,10,"j ++"
post-increment,/home/ubuntu/atoms/projects/git/combine-diff.c,611,9,"j ++"
post-increment,/home/ubuntu/atoms/projects/git/combine-diff.c,847,29,"lno ++"
post-increment,/home/ubuntu/atoms/projects/git/fmt-merge-msg.c,550,7,"tag_number ++"
post-increment,/home/ubuntu/atoms/projects/git/utf8.c,740,24,"needle ++"
post-increment,/home/ubuntu/atoms/projects/git/utf8.c,740,34,"needle_len --"
post-increment,/home/ubuntu/atoms/projects/git/utf8.c,20,6,"p ++"
post-increment,/home/ubuntu/atoms/projects/git/utf8.c,22,6,"p ++"
post-increment,/home/ubuntu/atoms/projects/git/utf8.c,26,6,"p ++"
post-increment,/home/ubuntu/atoms/projects/git/userdiff.c,435,17,"ndrivers ++"
post-increment,/home/ubuntu/atoms/projects/git/preload-index.c,57,28,"cep ++"
post-increment,/home/ubuntu/atoms/projects/git/shallow.c,148,23,"i ++"
post-increment,/home/ubuntu/atoms/projects/git/shallow.c,655,10,"nr_shallow ++"
post-increment,/home/ubuntu/atoms/projects/git/shallow.c,657,10,"nr_shallow ++"
post-increment,/home/ubuntu/atoms/projects/git/shallow.c,480,14,"info -> nr_ours ++"
post-increment,/home/ubuntu/atoms/projects/git/shallow.c,482,16,"info -> nr_theirs ++"
post-increment,/home/ubuntu/atoms/projects/git/reftable/pq.c,58,10,"pq -> len ++"
post-increment,/home/ubuntu/atoms/projects/git/reftable/writer.c,215,14,"key -> offset_len ++"
post-increment,/home/ubuntu/atoms/projects/git/reftable/merged_test.c,239,6,"len ++"
post-increment,/home/ubuntu/atoms/projects/git/reftable/merged_test.c,370,6,"len ++"
post-increment,/home/ubuntu/atoms/projects/git/reftable/basics.c,95,9,"names_len ++"
post-increment,/home/ubuntu/atoms/projects/git/reftable/block.c,55,14,"w -> restart_len ++"
post-increment,/home/ubuntu/atoms/projects/git/reftable/stack.c,900,38,"j ++"
post-increment,/home/ubuntu/atoms/projects/git/reftable/stack.c,225,16,"names ++"
post-increment,/home/ubuntu/atoms/projects/git/reftable/stack.c,809,17,"add -> new_tables_len ++"
post-increment,/home/ubuntu/atoms/projects/git/reftable/dump.c,67,26,"argc --"
post-increment,/home/ubuntu/atoms/projects/git/reftable/dump.c,67,18,"argv ++"
post-increment,/home/ubuntu/atoms/projects/git/reftable/readwrite_test.c,561,14,"want_names_len ++"
post-increment,/home/ubuntu/atoms/projects/git/reftable/iter.c,108,19,"it -> offset_idx ++"
post-increment,/home/ubuntu/atoms/projects/git/usage.c,196,28,"i ++"
post-increment,/home/ubuntu/atoms/projects/git/usage.c,196,17,"j ++"
post-increment,/home/ubuntu/atoms/projects/git/usage.c,199,13,"j ++"
post-increment,/home/ubuntu/atoms/projects/git/usage.c,33,3,"p ++"
post-increment,/home/ubuntu/atoms/projects/git/imap-send.c,1182,11,"j ++"
post-increment,/home/ubuntu/atoms/projects/git/imap-send.c,1183,18,"j ++"
post-increment,/home/ubuntu/atoms/projects/git/imap-send.c,663,2,"p ++"
post-increment,/home/ubuntu/atoms/projects/git/imap-send.c,479,4,"( * s ) ++"
post-increment,/home/ubuntu/atoms/projects/git/split-index.c,361,12,"nr_entries ++"
post-increment,/home/ubuntu/atoms/projects/git/split-index.c,373,11,"nr_entries ++"
post-increment,/home/ubuntu/atoms/projects/git/line-range.c,98,9,"begin ++"
post-increment,/home/ubuntu/atoms/projects/git/line-range.c,106,3,"term ++"
post-increment,/home/ubuntu/atoms/projects/git/bulk-checkin.c,314,17,"state -> nr_written ++"
post-increment,/home/ubuntu/atoms/projects/git/apply.c,434,7,"buffer ++"
post-increment,/home/ubuntu/atoms/projects/git/apply.c,4684,6,"cnt ++"
post-increment,/home/ubuntu/atoms/projects/git/apply.c,467,24,"i ++"
post-increment,/home/ubuntu/atoms/projects/git/apply.c,467,12,"j ++"
post-increment,/home/ubuntu/atoms/projects/git/apply.c,3078,11,"new_blank_lines_at_end --"
post-increment,/home/ubuntu/atoms/projects/git/apply.c,2931,4,"old ++"
post-increment,/home/ubuntu/atoms/projects/git/apply.c,535,15,"p ++"
post-increment,/home/ubuntu/atoms/projects/git/apply.c,535,33,"p ++"
post-increment,/home/ubuntu/atoms/projects/git/apply.c,535,42,"p ++"
post-increment,/home/ubuntu/atoms/projects/git/apply.c,536,15,"p ++"
post-increment,/home/ubuntu/atoms/projects/git/apply.c,536,33,"p ++"
post-increment,/home/ubuntu/atoms/projects/git/apply.c,550,15,"p ++"
post-increment,/home/ubuntu/atoms/projects/git/apply.c,550,33,"p ++"
post-increment,/home/ubuntu/atoms/projects/git/apply.c,550,42,"p ++"
post-increment,/home/ubuntu/atoms/projects/git/apply.c,551,15,"p ++"
post-increment,/home/ubuntu/atoms/projects/git/apply.c,551,33,"p ++"
post-increment,/home/ubuntu/atoms/projects/git/apply.c,551,42,"p ++"
post-increment,/home/ubuntu/atoms/projects/git/apply.c,552,15,"p ++"
post-increment,/home/ubuntu/atoms/projects/git/apply.c,552,33,"p ++"
post-increment,/home/ubuntu/atoms/projects/git/apply.c,571,6,"p ++"
post-increment,/home/ubuntu/atoms/projects/git/apply.c,572,15,"p ++"
post-increment,/home/ubuntu/atoms/projects/git/apply.c,572,33,"p ++"
post-increment,/home/ubuntu/atoms/projects/git/apply.c,572,42,"p ++"
post-increment,/home/ubuntu/atoms/projects/git/apply.c,573,15,"p ++"
post-increment,/home/ubuntu/atoms/projects/git/apply.c,573,33,"p ++"
post-increment,/home/ubuntu/atoms/projects/git/apply.c,573,42,"p ++"
post-increment,/home/ubuntu/atoms/projects/git/apply.c,574,15,"p ++"
post-increment,/home/ubuntu/atoms/projects/git/apply.c,574,33,"p ++"
post-increment,/home/ubuntu/atoms/projects/git/apply.c,325,14,"s1 ++"
post-increment,/home/ubuntu/atoms/projects/git/apply.c,325,23,"s2 ++"
post-increment,/home/ubuntu/atoms/projects/git/apply.c,432,8,"size --"
post-increment,/home/ubuntu/atoms/projects/git/apply.c,1568,69,"state -> linenr ++"
post-increment,/home/ubuntu/atoms/projects/git/apply.c,1715,47,"state -> linenr ++"
post-increment,/home/ubuntu/atoms/projects/git/apply.c,1362,73,"( * linenr ) ++"
post-increment,/home/ubuntu/atoms/projects/git/remote.c,334,4,"frag ++"
post-increment,/home/ubuntu/atoms/projects/git/remote.c,539,18,"name ++"
post-increment,/home/ubuntu/atoms/projects/git/remote.c,1524,15,"nr_src_commits ++"
post-increment,/home/ubuntu/atoms/projects/git/remote.c,2586,11,"arr -> nr ++"
post-increment,/home/ubuntu/atoms/projects/git/remote.c,172,20,"branch -> merge_nr ++"
post-increment,/home/ubuntu/atoms/projects/git/remote.c,2501,21,"cas -> nr ++"
post-increment,/home/ubuntu/atoms/projects/git/remote.c,257,12,"r -> rewrite_nr ++"
post-increment,/home/ubuntu/atoms/projects/git/remote.c,73,17,"remote -> pushurl_nr ++"
post-increment,/home/ubuntu/atoms/projects/git/remote.c,67,13,"remote -> url_nr ++"
post-increment,/home/ubuntu/atoms/projects/git/remote.c,140,23,"remote_state -> remotes_nr ++"
post-increment,/home/ubuntu/atoms/projects/git/remote.c,1454,11,"tips -> nr ++"
post-increment,/home/ubuntu/atoms/projects/git/revision.c,2985,10,"left ++"
post-increment,/home/ubuntu/atoms/projects/git/revision.c,943,38,"n ++"
post-increment,/home/ubuntu/atoms/projects/git/revision.c,3308,50,"n ++"
post-increment,/home/ubuntu/atoms/projects/git/revision.c,1005,26,"nth_parent ++"
post-increment,/home/ubuntu/atoms/projects/git/revision.c,1922,31,"parent_number ++"
post-increment,/home/ubuntu/atoms/projects/git/revision.c,753,29,"path_component_nr ++"
post-increment,/home/ubuntu/atoms/projects/git/revision.c,2988,8,"revs -> read_from_stdin ++"
post-increment,/home/ubuntu/atoms/projects/git/revision.c,268,14,"stack -> nr ++"
post-increment,/home/ubuntu/atoms/projects/git/revision.c,2305,7,"( * unkc ) ++"
post-increment,/home/ubuntu/atoms/projects/git/revision.c,2673,8,"( * unkc ) ++"
post-increment,/home/ubuntu/atoms/projects/git/diffcore-delta.c,67,45,"bucket ++"
post-increment,/home/ubuntu/atoms/projects/git/diffcore-delta.c,91,18,"bucket ++"
post-increment,/home/ubuntu/atoms/projects/git/diffcore-delta.c,143,20,"buf ++"
post-increment,/home/ubuntu/atoms/projects/git/archive-zip.c,270,11,"s ++"
post-increment,/home/ubuntu/atoms/projects/git/archive-zip.c,188,8,"size --"
post-increment,/home/ubuntu/atoms/projects/git/promisor-remote.c,238,21,"j ++"
post-increment,/home/ubuntu/atoms/projects/git/object-file.c,1787,22,"cached_object_nr ++"
post-increment,/home/ubuntu/atoms/projects/git/object-file.c,298,40,"co ++"
post-increment,/home/ubuntu/atoms/projects/git/object-file.c,1385,12,"hdr ++"
post-increment,/home/ubuntu/atoms/projects/git/object-file.c,1403,9,"hdr ++"
post-increment,/home/ubuntu/atoms/projects/git/object-file.c,298,35,"i ++"
post-increment,/home/ubuntu/atoms/projects/git/parse-options.c,327,20,"array ++"
post-increment,/home/ubuntu/atoms/projects/git/parse-options.c,1309,10,"count ++"
post-increment,/home/ubuntu/atoms/projects/git/parse-options.c,1311,10,"count ++"
post-increment,/home/ubuntu/atoms/projects/git/parse-options.c,1313,10,"count ++"
post-increment,/home/ubuntu/atoms/projects/git/parse-options.c,1315,10,"count ++"
post-increment,/home/ubuntu/atoms/projects/git/parse-options.c,1162,23,"usagestr ++"
post-increment,/home/ubuntu/atoms/projects/git/parse-options.c,517,12,"short_opts [ opts -> short_name ] ++"
post-increment,/home/ubuntu/atoms/projects/git/parse-options.c,835,19,"ctx -> argc --"
post-increment,/home/ubuntu/atoms/projects/git/parse-options.c,835,32,"ctx -> argv ++"
post-increment,/home/ubuntu/atoms/projects/git/parse-options.c,848,13,"ctx -> cpidx ++"
post-increment,/home/ubuntu/atoms/projects/git/parse-options.c,991,11,"ctx -> cpidx ++"
post-increment,/home/ubuntu/atoms/projects/git/archive-tar.c,393,14,"nr_tar_filters ++"
post-increment,/home/ubuntu/atoms/projects/git/archive-tar.c,197,13,"p ++"
post-increment,/home/ubuntu/atoms/projects/git/archive-tar.c,201,13,"p ++"
post-increment,/home/ubuntu/atoms/projects/git/builtin/show-branch.c,408,10,"ref_name_cnt ++"
post-increment,/home/ubuntu/atoms/projects/git/builtin/show-branch.c,464,7,"tail ++"
post-increment,/home/ubuntu/atoms/projects/git/builtin/name-rev.c,609,14,"argc --"
post-increment,/home/ubuntu/atoms/projects/git/builtin/name-rev.c,609,22,"argv ++"
post-increment,/home/ubuntu/atoms/projects/git/builtin/name-rev.c,211,29,"parent_number ++"
post-increment,/home/ubuntu/atoms/projects/git/builtin/am.c,749,30,"i ++"
post-increment,/home/ubuntu/atoms/projects/git/builtin/am.c,749,21,"paths ++"
post-increment,/home/ubuntu/atoms/projects/git/builtin/cat-file.c,753,14,"nr ++"
post-increment,/home/ubuntu/atoms/projects/git/builtin/cat-file.c,869,6,"p ++"
post-increment,/home/ubuntu/atoms/projects/git/builtin/reset.c,282,10,"argv ++"
post-increment,/home/ubuntu/atoms/projects/git/builtin/rev-parse.c,116,16,"arg ++"
post-increment,/home/ubuntu/atoms/projects/git/builtin/rev-parse.c,592,7,"arg ++"
post-increment,/home/ubuntu/atoms/projects/git/builtin/rev-parse.c,480,12,"onb ++"
post-increment,/home/ubuntu/atoms/projects/git/builtin/rev-parse.c,98,21,"p ++"
post-increment,/home/ubuntu/atoms/projects/git/builtin/rev-parse.c,373,31,"parent_number ++"
post-increment,/home/ubuntu/atoms/projects/git/builtin/rev-parse.c,515,12,"s ++"
post-increment,/home/ubuntu/atoms/projects/git/builtin/rev-parse.c,465,8,"unb ++"
post-increment,/home/ubuntu/atoms/projects/git/builtin/log.c,701,34,"new_offset ++"
post-increment,/home/ubuntu/atoms/projects/git/builtin/clean.c,904,16,"dst ++"
post-increment,/home/ubuntu/atoms/projects/git/builtin/clean.c,364,29,"i ++"
post-increment,/home/ubuntu/atoms/projects/git/builtin/clean.c,419,34,"i ++"
post-increment,/home/ubuntu/atoms/projects/git/builtin/clean.c,441,34,"i ++"
post-increment,/home/ubuntu/atoms/projects/git/builtin/clean.c,660,11,"j ++"
post-increment,/home/ubuntu/atoms/projects/git/builtin/clean.c,364,34,"menu_item ++"
post-increment,/home/ubuntu/atoms/projects/git/builtin/clean.c,419,39,"menu_item ++"
post-increment,/home/ubuntu/atoms/projects/git/builtin/clean.c,492,12,"p ++"
post-increment,/home/ubuntu/atoms/projects/git/builtin/clean.c,901,40,"src ++"
post-increment,/home/ubuntu/atoms/projects/git/builtin/clean.c,909,22,"src ++"
post-increment,/home/ubuntu/atoms/projects/git/builtin/clean.c,441,39,"string_list_item ++"
post-increment,/home/ubuntu/atoms/projects/git/builtin/pack-redundant.c,615,26,"i ++"
post-increment,/home/ubuntu/atoms/projects/git/builtin/pack-redundant.c,380,6,"n ++"
post-increment,/home/ubuntu/atoms/projects/git/builtin/notes.c,135,8,"d -> msg_nr --"
post-increment,/home/ubuntu/atoms/projects/git/builtin/fast-export.c,290,40,"counter ++"
post-increment,/home/ubuntu/atoms/projects/git/builtin/fast-export.c,393,29,"counter ++"
post-increment,/home/ubuntu/atoms/projects/git/builtin/fast-export.c,419,33,"counter ++"
post-increment,/home/ubuntu/atoms/projects/git/builtin/fast-export.c,528,28,"counter ++"
post-increment,/home/ubuntu/atoms/projects/git/builtin/fast-export.c,567,40,"counter ++"
post-increment,/home/ubuntu/atoms/projects/git/builtin/fast-export.c,758,37,"counter ++"
post-increment,/home/ubuntu/atoms/projects/git/builtin/fast-export.c,218,22,"path ++"
post-increment,/home/ubuntu/atoms/projects/git/builtin/fast-export.c,594,16,"which_buffer ++"
post-increment,/home/ubuntu/atoms/projects/git/builtin/send-pack.c,109,8,"count ++"
post-increment,/home/ubuntu/atoms/projects/git/builtin/fetch-pack.c,178,14,"i ++"
post-increment,/home/ubuntu/atoms/projects/git/builtin/read-tree.c,38,7,"nr_trees ++"
post-increment,/home/ubuntu/atoms/projects/git/builtin/gc.c,596,5,"done ++"
post-increment,/home/ubuntu/atoms/projects/git/builtin/worktree.c,1031,9,"p ++"
post-increment,/home/ubuntu/atoms/projects/git/builtin/patch-id.c,23,4,"dst ++"
post-increment,/home/ubuntu/atoms/projects/git/builtin/patch-id.c,21,14,"src ++"
post-increment,/home/ubuntu/atoms/projects/git/builtin/check-ref-format.c,32,3,"cp ++"
post-increment,/home/ubuntu/atoms/projects/git/builtin/check-ref-format.c,28,15,"refname ++"
post-increment,/home/ubuntu/atoms/projects/git/builtin/mktree.c,103,2,"ntr ++"
post-increment,/home/ubuntu/atoms/projects/git/builtin/mktree.c,36,9,"used ++"
post-increment,/home/ubuntu/atoms/projects/git/builtin/repack.c,1018,17,"existing_cruft_nr ++"
post-increment,/home/ubuntu/atoms/projects/git/builtin/merge-base.c,199,8,"argc --"
post-increment,/home/ubuntu/atoms/projects/git/builtin/merge-base.c,200,40,"argv ++"
post-increment,/home/ubuntu/atoms/projects/git/builtin/merge-base.c,200,6,"rev_nr ++"
post-increment,/home/ubuntu/atoms/projects/git/builtin/mv.c,85,13,"len ++"
post-increment,/home/ubuntu/atoms/projects/git/builtin/mv.c,330,11,"src_dir_nr ++"
post-increment,/home/ubuntu/atoms/projects/git/builtin/verify-commit.c,78,25,"i ++"
post-increment,/home/ubuntu/atoms/projects/git/builtin/verify-tag.c,53,26,"i ++"
post-increment,/home/ubuntu/atoms/projects/git/builtin/pack-objects.c,2856,10,"dist --"
post-increment,/home/ubuntu/atoms/projects/git/builtin/pack-objects.c,290,17,"indexed_commits_nr ++"
post-increment,/home/ubuntu/atoms/projects/git/builtin/pack-objects.c,2756,11,"list ++"
post-increment,/home/ubuntu/atoms/projects/git/builtin/pack-objects.c,3198,13,"n ++"
post-increment,/home/ubuntu/atoms/projects/git/builtin/pack-objects.c,765,14,"nr_written ++"
post-increment,/home/ubuntu/atoms/projects/git/builtin/pack-objects.c,1912,15,"num_preferred_base ++"
post-increment,/home/ubuntu/atoms/projects/git/builtin/pack-objects.c,2371,16,"total_depth --"
post-increment,/home/ubuntu/atoms/projects/git/builtin/pack-objects.c,2276,24,"total_depth ++"
post-increment,/home/ubuntu/atoms/projects/git/builtin/pack-objects.c,2090,11,"used_0 ++"
post-increment,/home/ubuntu/atoms/projects/git/builtin/pack-objects.c,2099,12,"used_0 ++"
post-increment,/home/ubuntu/atoms/projects/git/builtin/pack-objects.c,2639,9,"warned ++"
post-increment,/home/ubuntu/atoms/projects/git/builtin/pack-objects.c,2663,8,"warned ++"
post-increment,/home/ubuntu/atoms/projects/git/builtin/pack-objects.c,804,4,"( * endp ) ++"
post-increment,/home/ubuntu/atoms/projects/git/builtin/fsmonitor--daemon.c,389,7,"flush_count ++"
post-increment,/home/ubuntu/atoms/projects/git/builtin/fsmonitor--daemon.c,642,36,"p ++"
post-increment,/home/ubuntu/atoms/projects/git/builtin/fsmonitor--daemon.c,643,7,"p ++"
post-increment,/home/ubuntu/atoms/projects/git/builtin/fsmonitor--daemon.c,395,45,"test_env_value ++"
post-increment,/home/ubuntu/atoms/projects/git/builtin/fsmonitor--daemon.c,465,23,"batch -> nr ++"
post-increment,/home/ubuntu/atoms/projects/git/builtin/fsmonitor--daemon.c,478,29,"batch_dest -> nr ++"
post-increment,/home/ubuntu/atoms/projects/git/builtin/fsmonitor--daemon.c,159,17,"state -> cookie_seq ++"
post-increment,/home/ubuntu/atoms/projects/git/builtin/show-ref.c,77,15,"p ++"
post-increment,/home/ubuntu/atoms/projects/git/builtin/show-ref.c,241,8,"refs ++"
post-increment,/home/ubuntu/atoms/projects/git/builtin/merge.c,669,12,"nr_trees ++"
post-increment,/home/ubuntu/atoms/projects/git/builtin/merge.c,672,12,"nr_trees ++"
post-increment,/home/ubuntu/atoms/projects/git/builtin/merge.c,675,12,"nr_trees ++"
post-increment,/home/ubuntu/atoms/projects/git/builtin/merge.c,225,16,"use_strategies_nr ++"
post-increment,/home/ubuntu/atoms/projects/git/builtin/grep.c,160,10,"p ++"
post-increment,/home/ubuntu/atoms/projects/git/builtin/grep.c,458,15,"repos_to_free_nr ++"
post-increment,/home/ubuntu/atoms/projects/git/builtin/credential-cache--daemon.c,27,14,"entries_nr ++"
post-increment,/home/ubuntu/atoms/projects/git/builtin/index-pack.c,917,9,"delta_nr ++"
post-increment,/home/ubuntu/atoms/projects/git/builtin/index-pack.c,1360,9,"n ++"
post-increment,/home/ubuntu/atoms/projects/git/builtin/index-pack.c,1364,8,"n ++"
post-increment,/home/ubuntu/atoms/projects/git/builtin/index-pack.c,1045,24,"nr_dispatched ++"
post-increment,/home/ubuntu/atoms/projects/git/builtin/index-pack.c,1353,37,"nr_objects ++"
post-increment,/home/ubuntu/atoms/projects/git/builtin/index-pack.c,1643,16,"opts -> anomaly_nr ++"
post-increment,/home/ubuntu/atoms/projects/git/builtin/index-pack.c,1064,16,"parent -> ofs_first ++"
post-increment,/home/ubuntu/atoms/projects/git/builtin/index-pack.c,1055,28,"parent -> ref_first ++"
post-increment,/home/ubuntu/atoms/projects/git/builtin/remote.c,1296,14,"argc --"
post-increment,/home/ubuntu/atoms/projects/git/builtin/remote.c,1501,14,"argc --"
post-increment,/home/ubuntu/atoms/projects/git/builtin/remote.c,1296,22,"argv ++"
post-increment,/home/ubuntu/atoms/projects/git/builtin/remote.c,1501,22,"argv ++"
post-increment,/home/ubuntu/atoms/projects/git/builtin/merge-index.c,102,12,"i ++"
post-increment,/home/ubuntu/atoms/projects/git/builtin/checkout--worker.c,96,47,"nr ++"
post-increment,/home/ubuntu/atoms/projects/git/builtin/branch.c,256,23,"i ++"
post-increment,/home/ubuntu/atoms/projects/git/builtin/blame.c,569,27,"count ++"
post-increment,/home/ubuntu/atoms/projects/git/builtin/blame.c,382,9,"cp ++"
post-increment,/home/ubuntu/atoms/projects/git/builtin/blame.c,545,9,"cp ++"
post-increment,/home/ubuntu/atoms/projects/git/builtin/prune.c,176,8,"argc --"
post-increment,/home/ubuntu/atoms/projects/git/builtin/prune.c,178,22,"argv ++"
post-increment,/home/ubuntu/atoms/projects/git/builtin/submodule--helper.c,250,25,"active_modules . nr ++"
post-increment,/home/ubuntu/atoms/projects/git/builtin/submodule--helper.c,218,16,"list -> nr ++"
post-increment,/home/ubuntu/atoms/projects/git/builtin/submodule--helper.c,1088,16,"list -> nr ++"
post-increment,/home/ubuntu/atoms/projects/git/builtin/submodule--helper.c,2245,21,"suc -> failed_clones_nr ++"
post-increment,/home/ubuntu/atoms/projects/git/builtin/config.c,437,23,"values . nr ++"
post-increment,/home/ubuntu/atoms/projects/git/builtin/config.c,357,57,"values -> nr ++"
post-increment,/home/ubuntu/atoms/projects/git/builtin/commit.c,964,4,"ident_shown ++"
post-increment,/home/ubuntu/atoms/projects/git/builtin/commit.c,972,4,"ident_shown ++"
post-increment,/home/ubuntu/atoms/projects/git/builtin/commit.c,979,4,"ident_shown ++"
post-increment,/home/ubuntu/atoms/projects/git/builtin/fetch.c,1918,32,"state -> next ++"
post-increment,/home/ubuntu/atoms/projects/git/builtin/ls-remote.c,31,15,"pattern ++"
post-increment,/home/ubuntu/atoms/projects/git/builtin/pull.c,501,11,"argv ++"
post-increment,/home/ubuntu/atoms/projects/git/builtin/pull.c,277,8,"force --"
post-increment,/home/ubuntu/atoms/projects/git/builtin/describe.c,702,9,"argc --"
post-increment,/home/ubuntu/atoms/projects/git/builtin/describe.c,703,13,"argv ++"
post-increment,/home/ubuntu/atoms/projects/git/builtin/describe.c,370,42,"match_cnt ++"
post-increment,/home/ubuntu/atoms/projects/git/builtin/update-index.c,364,62,"pos ++"
post-increment,/home/ubuntu/atoms/projects/git/builtin/receive-pack.c,2447,7,"count ++"
post-increment,/home/ubuntu/atoms/projects/git/builtin/receive-pack.c,999,9,"once ++"
post-increment,/home/ubuntu/atoms/projects/git/builtin/receive-pack.c,994,3,"p ++"
post-increment,/home/ubuntu/atoms/projects/git/builtin/receive-pack.c,1020,5,"p ++"
post-increment,/home/ubuntu/atoms/projects/git/builtin/receive-pack.c,1043,4,"p ++"
post-increment,/home/ubuntu/atoms/projects/git/builtin/receive-pack.c,2022,6,"p ++"
post-increment,/home/ubuntu/atoms/projects/git/builtin/receive-pack.c,2024,6,"p ++"
post-increment,/home/ubuntu/atoms/projects/git/builtin/receive-pack.c,454,5,"sz ++"
post-increment,/home/ubuntu/atoms/projects/git/builtin/merge-recursive.c,55,9,"bases_count ++"
post-increment,/home/ubuntu/atoms/projects/git/builtin/bisect.c,963,14,"argc --"
post-increment,/home/ubuntu/atoms/projects/git/builtin/bisect.c,963,22,"argv ++"
post-increment,/home/ubuntu/atoms/projects/git/builtin/mailsplit.c,336,21,"argp ++"
post-increment,/home/ubuntu/atoms/projects/git/builtin/merge-file.c,28,7,"label_count ++"
post-increment,/home/ubuntu/atoms/projects/git/builtin/rm.c,323,17,"list . nr ++"
post-increment,/home/ubuntu/atoms/projects/git/builtin/fast-import.c,791,5,"c ++"
post-increment,/home/ubuntu/atoms/projects/git/builtin/fast-import.c,789,25,"e --"
post-increment,/home/ubuntu/atoms/projects/git/builtin/fast-import.c,2259,6,"end ++"
post-increment,/home/ubuntu/atoms/projects/git/builtin/fast-import.c,2085,7,"i ++"
post-increment,/home/ubuntu/atoms/projects/git/builtin/fast-import.c,2086,7,"i ++"
post-increment,/home/ubuntu/atoms/projects/git/builtin/fast-import.c,2087,7,"i ++"
post-increment,/home/ubuntu/atoms/projects/git/builtin/fast-import.c,1372,14,"j ++"
post-increment,/home/ubuntu/atoms/projects/git/builtin/fast-import.c,2085,23,"j ++"
post-increment,/home/ubuntu/atoms/projects/git/builtin/fast-import.c,2086,23,"j ++"
post-increment,/home/ubuntu/atoms/projects/git/builtin/fast-import.c,540,8,"len --"
post-increment,/home/ubuntu/atoms/projects/git/builtin/fast-import.c,711,9,"n --"
post-increment,/home/ubuntu/atoms/projects/git/builtin/fast-import.c,2353,7,"p ++"
post-increment,/home/ubuntu/atoms/projects/git/builtin/fast-import.c,2492,7,"p ++"
post-increment,/home/ubuntu/atoms/projects/git/builtin/fast-import.c,541,16,"s ++"
post-increment,/home/ubuntu/atoms/projects/git/builtin/fast-import.c,2135,12,"tmp_fullpath_len ++"
post-increment,/home/ubuntu/atoms/projects/git/builtin/fast-import.c,484,5,"blocks -> next_free ++"
post-increment,/home/ubuntu/atoms/projects/git/builtin/fast-import.c,1273,13,"t -> entry_count ++"
post-increment,/home/ubuntu/atoms/projects/git/builtin/fast-import.c,1471,12,"t -> entry_count ++"
post-increment,/home/ubuntu/atoms/projects/git/builtin/fast-import.c,3134,7,"( * p ) ++"
post-increment,/home/ubuntu/atoms/projects/git/builtin/update-ref.c,41,22,"next ++"
post-increment,/home/ubuntu/atoms/projects/git/builtin/add.c,104,4,"dst ++"
post-increment,/home/ubuntu/atoms/projects/git/builtin/add.c,102,29,"src ++"
post-increment,/home/ubuntu/atoms/projects/git/builtin/rebase.c,1408,19,"p ++"
post-increment,/home/ubuntu/atoms/projects/git/builtin/diff-tree.c,30,17,"p ++"
post-increment,/home/ubuntu/atoms/projects/git/builtin/diff-tree.c,50,15,"p ++"
post-increment,/home/ubuntu/atoms/projects/git/reflog-walk.c,228,12,"info -> nr ++"
post-increment,/home/ubuntu/atoms/projects/git/varint.c,7,20,"buf ++"
post-increment,/home/ubuntu/atoms/projects/git/varint.c,13,7,"buf ++"
post-increment,/home/ubuntu/atoms/projects/git/pathspec.c,176,43,"dst ++"
post-increment,/home/ubuntu/atoms/projects/git/pathspec.c,176,36,"src ++"
post-increment,/home/ubuntu/atoms/projects/git/pathspec.c,213,10,"item -> attr_match_nr ++"
post-increment,/home/ubuntu/atoms/projects/git/transport-helper.c,817,3,"msg ++"
post-increment,/home/ubuntu/atoms/projects/git/transport-helper.c,784,4,"p ++"
post-increment,/home/ubuntu/atoms/projects/git/branch.c,400,34,"i ++"
post-increment,/home/ubuntu/atoms/projects/git/blame.c,2218,14,"i ++"
post-increment,/home/ubuntu/atoms/projects/git/blame.c,2437,22,"i ++"
post-increment,/home/ubuntu/atoms/projects/git/blame.c,2469,21,"i ++"
post-increment,/home/ubuntu/atoms/projects/git/blame.c,2488,22,"i ++"
post-increment,/home/ubuntu/atoms/projects/git/blame.c,2513,23,"i ++"
post-increment,/home/ubuntu/atoms/projects/git/blame.c,2540,22,"i ++"
post-increment,/home/ubuntu/atoms/projects/git/blame.c,348,3,"lineno ++"
post-increment,/home/ubuntu/atoms/projects/git/submodule-config.c,221,12,"name ++"
post-increment,/home/ubuntu/atoms/projects/git/submodule-config.c,915,28,"out -> entry_nr ++"
post-increment,/home/ubuntu/atoms/projects/git/contrib/credential/osxkeychain/git-credential-osxkeychain.c,374,5,"colon ++"
post-increment,/home/ubuntu/atoms/projects/git/contrib/credential/osxkeychain/git-credential-osxkeychain.c,347,3,"v ++"
post-increment,/home/ubuntu/atoms/projects/git/contrib/credential/wincred/git-credential-wincred.c,286,3,"v ++"
post-increment,/home/ubuntu/atoms/projects/git/contrib/credential/libsecret/git-credential-libsecret.c,413,25,"try_op ++"
post-increment,/home/ubuntu/atoms/projects/git/contrib/credential/libsecret/git-credential-libsecret.c,342,3,"value ++"
post-increment,/home/ubuntu/atoms/projects/git/contrib/credential/libsecret/git-credential-libsecret.c,352,5,"value ++"
post-increment,/home/ubuntu/atoms/projects/git/contrib/credential/libsecret/git-credential-libsecret.c,368,5,"value ++"
post-increment,/home/ubuntu/atoms/projects/git/contrib/credential/libsecret/git-credential-libsecret.c,373,5,"value ++"
post-increment,/home/ubuntu/atoms/projects/git/mailinfo.c,883,15,"cp ++"
post-increment,/home/ubuntu/atoms/projects/git/mailinfo.c,67,11,"in ++"
post-increment,/home/ubuntu/atoms/projects/git/mailinfo.c,98,11,"in ++"
post-increment,/home/ubuntu/atoms/projects/git/mailinfo.c,125,14,"in ++"
post-increment,/home/ubuntu/atoms/projects/git/mailinfo.c,390,14,"in ++"
post-increment,/home/ubuntu/atoms/projects/git/mailinfo.c,418,14,"in ++"
post-increment,/home/ubuntu/atoms/projects/git/mailinfo.c,431,10,"pos ++"
post-increment,/home/ubuntu/atoms/projects/git/mailinfo.c,359,6,"val ++"
post-increment,/home/ubuntu/atoms/projects/git/config.c,3576,8,"i ++"
post-increment,/home/ubuntu/atoms/projects/git/config.c,3585,8,"i ++"
post-increment,/home/ubuntu/atoms/projects/git/config.c,3574,12,"j ++"
post-increment,/home/ubuntu/atoms/projects/git/config.c,3589,21,"j ++"
post-increment,/home/ubuntu/atoms/projects/git/config.c,101,25,"conf -> u . buf . pos ++"
post-increment,/home/ubuntu/atoms/projects/git/config.c,2281,27,"set -> list . nr ++"
post-increment,/home/ubuntu/atoms/projects/git/commit.c,106,23,"buf ++"
post-increment,/home/ubuntu/atoms/projects/git/commit.c,1541,21,"buf ++"
post-increment,/home/ubuntu/atoms/projects/git/commit.c,1591,9,"buf ++"
post-increment,/home/ubuntu/atoms/projects/git/commit.c,1720,21,"i ++"
post-increment,/home/ubuntu/atoms/projects/git/commit.c,1141,24,"inspos ++"
post-increment,/home/ubuntu/atoms/projects/git/commit.c,788,8,"nr --"
post-increment,/home/ubuntu/atoms/projects/git/commit.c,239,17,"tail ++"
post-increment,/home/ubuntu/atoms/projects/git/commit.c,1033,14,"revs -> nr ++"
post-increment,/home/ubuntu/atoms/projects/git/remote-curl.c,1274,12,"nr_heads ++"
post-increment,/home/ubuntu/atoms/projects/git/remote-curl.c,1595,5,"value ++"
post-increment,/home/ubuntu/atoms/projects/git/repo-settings.c,30,5,"r -> settings . initialized ++"
post-increment,/home/ubuntu/atoms/projects/git/scalar.c,304,4,"value ++"
post-increment,/home/ubuntu/atoms/projects/git/urlmatch.c,43,12,"from ++"
post-increment,/home/ubuntu/atoms/projects/git/urlmatch.c,567,52,"key ++"
post-increment,/home/ubuntu/atoms/projects/git/urlmatch.c,174,8,"spanned --"
post-increment,/home/ubuntu/atoms/projects/git/urlmatch.c,175,31,"url ++"
post-increment,/home/ubuntu/atoms/projects/git/urlmatch.c,256,31,"url ++"
post-increment,/home/ubuntu/atoms/projects/git/versioncmp.c,149,7,"p1 ++"
post-increment,/home/ubuntu/atoms/projects/git/versioncmp.c,159,8,"p1 ++"
post-increment,/home/ubuntu/atoms/projects/git/versioncmp.c,192,19,"p1 ++"
post-increment,/home/ubuntu/atoms/projects/git/versioncmp.c,150,7,"p2 ++"
post-increment,/home/ubuntu/atoms/projects/git/versioncmp.c,160,8,"p2 ++"
post-increment,/home/ubuntu/atoms/projects/git/versioncmp.c,193,18,"p2 ++"
post-increment,/home/ubuntu/atoms/projects/git/alias.c,84,9,"count ++"
post-increment,/home/ubuntu/atoms/projects/git/alias.c,93,11,"count ++"
post-increment,/home/ubuntu/atoms/projects/git/alias.c,88,11,"dst ++"
post-increment,/home/ubuntu/atoms/projects/git/alias.c,109,11,"dst ++"
post-increment,/home/ubuntu/atoms/projects/git/trace2/tr2_tgt_event.c,278,24,"parent_names ++"
post-increment,/home/ubuntu/atoms/projects/git/trace2/tr2_tls.c,49,21,"ctx -> nr_open_regions ++"
post-increment,/home/ubuntu/atoms/projects/git/trace2/tr2_tls.c,112,21,"ctx -> nr_open_regions ++"
post-increment,/home/ubuntu/atoms/projects/git/trace2/tr2_tgt_normal.c,175,24,"parent_names ++"
post-increment,/home/ubuntu/atoms/projects/git/refs/packed-backend.c,1072,14,"j ++"
post-increment,/home/ubuntu/atoms/projects/git/refs/packed-backend.c,863,15,"p ++"
post-increment,/home/ubuntu/atoms/projects/git/refs/packed-backend.c,893,7,"p ++"
post-increment,/home/ubuntu/atoms/projects/git/refs/packed-backend.c,1035,18,"iter -> jump_nr ++"
post-increment,/home/ubuntu/atoms/projects/git/refs/ref-cache.c,251,23,"i ++"
post-increment,/home/ubuntu/atoms/projects/git/refs/ref-cache.c,12,14,"dir -> nr ++"
post-increment,/home/ubuntu/atoms/projects/git/refs/ref-cache.c,426,25,"iter -> levels_nr ++"
post-increment,/home/ubuntu/atoms/projects/git/refs/reftable-backend.c,1760,19,"i --"
post-increment,/home/ubuntu/atoms/projects/git/refs/reftable-backend.c,1074,22,"logs_nr ++"
post-increment,/home/ubuntu/atoms/projects/git/refs/reftable-backend.c,1105,16,"logs_nr ++"
post-increment,/home/ubuntu/atoms/projects/git/refs/reftable-backend.c,1757,7,"logs_nr ++"
post-increment,/home/ubuntu/atoms/projects/git/refs/reftable-backend.c,695,38,"arg -> updates_nr ++"
post-increment,/home/ubuntu/atoms/projects/git/refs/reftable-backend.c,652,23,"tx_data -> args_nr ++"
post-increment,/home/ubuntu/atoms/projects/git/refs/files-backend.c,1034,31,"create_directories_remaining --"
post-increment,/home/ubuntu/atoms/projects/git/refs/files-backend.c,1050,43,"create_directories_remaining --"
post-increment,/home/ubuntu/atoms/projects/git/refs/files-backend.c,1965,37,"p ++"
post-increment,/home/ubuntu/atoms/projects/git/refs/files-backend.c,1966,37,"p ++"
post-increment,/home/ubuntu/atoms/projects/git/refs/files-backend.c,432,5,"remaining_retries --"
post-increment,/home/ubuntu/atoms/projects/git/refs/files-backend.c,1024,24,"remove_directories_remaining --"
post-increment,/home/ubuntu/atoms/projects/git/strbuf.c,1057,12,"j ++"
post-increment,/home/ubuntu/atoms/projects/git/strbuf.c,1060,20,"j ++"
post-increment,/home/ubuntu/atoms/projects/git/strbuf.c,809,8,"len --"
post-increment,/home/ubuntu/atoms/projects/git/strbuf.c,198,6,"nr ++"
post-increment,/home/ubuntu/atoms/projects/git/strbuf.c,11,17,"prefix ++"
post-increment,/home/ubuntu/atoms/projects/git/strbuf.c,20,17,"prefix ++"
post-increment,/home/ubuntu/atoms/projects/git/strbuf.c,30,17,"prefix ++"
post-increment,/home/ubuntu/atoms/projects/git/strbuf.c,230,8,"s ++"
post-increment,/home/ubuntu/atoms/projects/git/strbuf.c,810,13,"s ++"
post-increment,/home/ubuntu/atoms/projects/git/strbuf.c,11,10,"str ++"
post-increment,/home/ubuntu/atoms/projects/git/strbuf.c,20,10,"str ++"
post-increment,/home/ubuntu/atoms/projects/git/strbuf.c,30,10,"str ++"
post-increment,/home/ubuntu/atoms/projects/git/strbuf.c,678,10,"sb -> len ++"
post-increment,/home/ubuntu/atoms/projects/git/diff-delta.c,365,50,"data ++"
post-increment,/home/ubuntu/atoms/projects/git/diff-delta.c,404,20,"data ++"
post-increment,/home/ubuntu/atoms/projects/git/diff-delta.c,199,13,"entry ++"
post-increment,/home/ubuntu/atoms/projects/git/diff-delta.c,365,45,"i ++"
post-increment,/home/ubuntu/atoms/projects/git/diff-delta.c,345,6,"outpos ++"
post-increment,/home/ubuntu/atoms/projects/git/diff-delta.c,348,5,"outpos ++"
post-increment,/home/ubuntu/atoms/projects/git/diff-delta.c,353,6,"outpos ++"
post-increment,/home/ubuntu/atoms/projects/git/diff-delta.c,356,5,"outpos ++"
post-increment,/home/ubuntu/atoms/projects/git/diff-delta.c,366,6,"outpos ++"
post-increment,/home/ubuntu/atoms/projects/git/diff-delta.c,404,7,"outpos ++"
post-increment,/home/ubuntu/atoms/projects/git/diff-delta.c,436,14,"outpos ++"
post-increment,/home/ubuntu/atoms/projects/git/diff-delta.c,440,8,"outpos ++"
post-increment,/home/ubuntu/atoms/projects/git/diff-delta.c,442,8,"outpos ++"
post-increment,/home/ubuntu/atoms/projects/git/diff-delta.c,444,8,"outpos ++"
post-increment,/home/ubuntu/atoms/projects/git/diff-delta.c,446,8,"outpos ++"
post-increment,/home/ubuntu/atoms/projects/git/diff-delta.c,449,8,"outpos ++"
post-increment,/home/ubuntu/atoms/projects/git/diff-delta.c,451,8,"outpos ++"
post-increment,/home/ubuntu/atoms/projects/git/diff-delta.c,286,4,"packed_entry ++"
post-increment,/home/ubuntu/atoms/projects/git/diff-delta.c,389,11,"ref_size --"
post-increment,/home/ubuntu/atoms/projects/git/diff-delta.c,389,26,"src ++"
post-increment,/home/ubuntu/atoms/projects/git/path.c,1122,3,"dst ++"
post-increment,/home/ubuntu/atoms/projects/git/path.c,1167,4,"dst ++"
post-increment,/home/ubuntu/atoms/projects/git/path.c,1169,4,"dst ++"
post-increment,/home/ubuntu/atoms/projects/git/path.c,1452,17,"i ++"
post-increment,/home/ubuntu/atoms/projects/git/path.c,1414,7,"name ++"
post-increment,/home/ubuntu/atoms/projects/git/path.c,1417,14,"name ++"
post-increment,/home/ubuntu/atoms/projects/git/path.c,1418,14,"name ++"
post-increment,/home/ubuntu/atoms/projects/git/path.c,1419,14,"name ++"
post-increment,/home/ubuntu/atoms/projects/git/path.c,1423,14,"name ++"
post-increment,/home/ubuntu/atoms/projects/git/path.c,1424,14,"name ++"
post-increment,/home/ubuntu/atoms/projects/git/path.c,1425,8,"name ++"
post-increment,/home/ubuntu/atoms/projects/git/path.c,1426,8,"name ++"
post-increment,/home/ubuntu/atoms/projects/git/path.c,1432,8,"name ++"
post-increment,/home/ubuntu/atoms/projects/git/path.c,1339,13,"p ++"
post-increment,/home/ubuntu/atoms/projects/git/path.c,1119,12,"src ++"
post-increment,/home/ubuntu/atoms/projects/git/path.c,1166,15,"src ++"
post-increment,/home/ubuntu/atoms/projects/git/path.c,1171,9,"src ++"
post-increment,/home/ubuntu/atoms/projects/git/commit-graph.c,1185,42,"count ++"
post-increment,/home/ubuntu/atoms/projects/git/commit-graph.c,1185,51,"list ++"
post-increment,/home/ubuntu/atoms/projects/git/commit-graph.c,89,39,"max_pos ++"
post-increment,/home/ubuntu/atoms/projects/git/date.c,433,20,"date ++"
post-increment,/home/ubuntu/atoms/projects/git/date.c,433,35,"i ++"
post-increment,/home/ubuntu/atoms/projects/git/date.c,433,28,"str ++"
post-increment,/home/ubuntu/atoms/projects/git/sequencer.c,939,3,"cp ++"
post-increment,/home/ubuntu/atoms/projects/git/sequencer.c,734,47,"i ++"
post-increment,/home/ubuntu/atoms/projects/git/sequencer.c,1219,24,"i ++"
post-increment,/home/ubuntu/atoms/projects/git/sequencer.c,2773,17,"i ++"
post-increment,/home/ubuntu/atoms/projects/git/sequencer.c,6085,47,"i ++"
post-increment,/home/ubuntu/atoms/projects/git/sequencer.c,6300,47,"i ++"
post-increment,/home/ubuntu/atoms/projects/git/sequencer.c,6085,52,"item ++"
post-increment,/home/ubuntu/atoms/projects/git/sequencer.c,900,24,"message ++"
post-increment,/home/ubuntu/atoms/projects/git/sequencer.c,902,33,"message ++"
post-increment,/home/ubuntu/atoms/projects/git/sequencer.c,908,24,"message ++"
post-increment,/home/ubuntu/atoms/projects/git/sequencer.c,910,33,"message ++"
post-increment,/home/ubuntu/atoms/projects/git/sequencer.c,914,24,"message ++"
post-increment,/home/ubuntu/atoms/projects/git/sequencer.c,916,33,"message ++"
post-increment,/home/ubuntu/atoms/projects/git/sequencer.c,1984,23,"next ++"
post-increment,/home/ubuntu/atoms/projects/git/sequencer.c,6055,8,"nr ++"
post-increment,/home/ubuntu/atoms/projects/git/sequencer.c,6591,10,"nr ++"
post-increment,/home/ubuntu/atoms/projects/git/sequencer.c,2596,46,"p ++"
post-increment,/home/ubuntu/atoms/projects/git/sequencer.c,6300,12,"ctx . items_nr ++"
post-increment,/home/ubuntu/atoms/projects/git/sequencer.c,2581,27,"todo_list -> nr ++"
post-increment,/home/ubuntu/atoms/projects/git/http-push.c,1712,28,"argv ++"
post-increment,/home/ubuntu/atoms/projects/git/http-push.c,1712,23,"i ++"
post-increment,/home/ubuntu/atoms/projects/git/sh-i18n--envsubst.c,353,11,"buflen ++"
post-increment,/home/ubuntu/atoms/projects/git/sh-i18n--envsubst.c,129,9,"string ++"
post-increment,/home/ubuntu/atoms/projects/git/sh-i18n--envsubst.c,217,12,"slp -> nitems ++"
post-increment,/home/ubuntu/atoms/projects/git/bundle-uri.c,466,13,"list -> nr ++"
post-increment,/home/ubuntu/atoms/projects/git/transport.c,782,43,"n ++"
post-increment,/home/ubuntu/atoms/projects/git/transport.c,1516,8,"nr_heads ++"
post-increment,/home/ubuntu/atoms/projects/git/transport.c,1529,9,"nr_heads ++"
post-increment,/home/ubuntu/atoms/projects/git/merge-recursive.c,2782,27,"i ++"
post-increment,/home/ubuntu/atoms/projects/git/merge-recursive.c,2787,28,"i ++"
post-increment,/home/ubuntu/atoms/projects/git/merge-recursive.c,2780,27,"j ++"
post-increment,/home/ubuntu/atoms/projects/git/merge-recursive.c,2789,28,"j ++"
post-increment,/home/ubuntu/atoms/projects/git/merge-recursive.c,752,31,"suffix ++"
post-increment,/home/ubuntu/atoms/projects/git/pack-bitmap.c,2165,32,"i ++"
post-increment,/home/ubuntu/atoms/projects/git/pack-bitmap.c,2069,17,"packs_nr ++"
post-increment,/home/ubuntu/atoms/projects/git/pack-bitmap.c,2096,21,"packs_nr ++"
post-increment,/home/ubuntu/atoms/projects/git/pack-bitmap.c,251,15,"( * pos ) ++"
post-increment,/home/ubuntu/atoms/projects/git/bundle.c,304,6,"line ++"
post-increment,/home/ubuntu/atoms/projects/git/bundle.c,308,6,"line ++"
post-increment,/home/ubuntu/atoms/projects/git/bundle.c,207,26,"iter -> cur ++"
post-increment,/home/ubuntu/atoms/projects/git/archive.c,39,11,"nr_archivers ++"
post-increment,/home/ubuntu/atoms/projects/git/http.c,1980,7,"decimal_places ++"
post-increment,/home/ubuntu/atoms/projects/git/http.c,1975,16,"num_langs ++"
post-increment,/home/ubuntu/atoms/projects/git/http.c,1868,21,"raw ++"
post-increment,/home/ubuntu/atoms/projects/git/http.c,1964,11,"s ++"
post-increment,/home/ubuntu/atoms/projects/git/name-hash.c,658,22,"name1 ++"
post-increment,/home/ubuntu/atoms/projects/git/name-hash.c,659,22,"name2 ++"
post-increment,/home/ubuntu/atoms/projects/git/name-hash.c,95,17,"dir -> nr ++"
post-increment,/home/ubuntu/atoms/projects/git/server-info.c,305,6,"num_pack ++"
post-increment,/home/ubuntu/atoms/projects/git/server-info.c,247,27,"old_cnt ++"
post-increment,/home/ubuntu/atoms/projects/git/bisect.c,623,35,"i ++"
post-increment,/home/ubuntu/atoms/projects/git/bisect.c,291,56,"n ++"
post-increment,/home/ubuntu/atoms/projects/git/bisect.c,773,5,"n ++"
post-increment,/home/ubuntu/atoms/projects/git/bisect.c,775,6,"n ++"
post-increment,/home/ubuntu/atoms/projects/git/connect.c,903,42,"ap ++"
post-increment,/home/ubuntu/atoms/projects/git/connect.c,832,38,"cnt ++"
post-increment,/home/ubuntu/atoms/projects/git/connect.c,903,48,"cnt ++"
post-increment,/home/ubuntu/atoms/projects/git/connect.c,415,42,"i ++"
post-increment,/home/ubuntu/atoms/projects/git/connect.c,431,45,"i ++"
post-increment,/home/ubuntu/atoms/projects/git/connect.c,437,37,"i ++"
post-increment,/home/ubuntu/atoms/projects/git/connect.c,117,18,"out ++"
post-increment,/home/ubuntu/atoms/projects/git/connect.c,193,3,"target ++"
post-increment,/home/ubuntu/atoms/projects/git/read-cache.c,601,12,"j ++"
post-increment,/home/ubuntu/atoms/projects/git/read-cache.c,1010,8,"path ++"
post-increment,/home/ubuntu/atoms/projects/git/read-cache.c,1030,7,"path ++"
post-increment,/home/ubuntu/atoms/projects/git/read-cache.c,1047,40,"pos ++"
post-increment,/home/ubuntu/atoms/projects/git/packfile.c,1747,6,"delta_stack_nr ++"
post-increment,/home/ubuntu/atoms/projects/git/packfile.c,2098,10,"nr ++"
post-increment,/home/ubuntu/atoms/projects/git/packfile.c,688,19,"pack_used_ctr ++"
post-increment,/home/ubuntu/atoms/projects/git/packfile.c,1314,12,"poi_stack_nr ++"
post-increment,/home/ubuntu/atoms/projects/git/packfile.c,1085,9,"used ++"
post-increment,/home/ubuntu/atoms/projects/git/packfile.c,1095,10,"used ++"
post-increment,/home/ubuntu/atoms/projects/git/packfile.c,1217,30,"used ++"
post-increment,/home/ubuntu/atoms/projects/git/packfile.c,1223,17,"used ++"
post-increment,/home/ubuntu/atoms/projects/git/xdiff-interface.c,110,9,"recovered ++"
post-increment,/home/ubuntu/atoms/projects/git/notes-merge.c,43,11,"i ++"
post-increment,/home/ubuntu/atoms/projects/git/http-backend.c,690,8,"dead ++"
post-increment,/home/ubuntu/atoms/projects/git/kwset.c,199,10,"depth ++"
post-increment,/home/ubuntu/atoms/projects/git/kwset.c,201,10,"depth ++"
post-increment,/home/ubuntu/atoms/projects/git/kwset.c,183,9,"len --"
post-increment,/home/ubuntu/atoms/projects/git/refs.c,797,7,"logs_found ++"
post-increment,/home/ubuntu/atoms/projects/git/refs.c,970,14,"msg ++"
post-increment,/home/ubuntu/atoms/projects/git/refs.c,1367,7,"refname ++"
post-increment,/home/ubuntu/atoms/projects/git/refs.c,755,8,"refs_found ++"
post-increment,/home/ubuntu/atoms/projects/git/refs.c,1367,21,"rule ++"
post-increment,/home/ubuntu/atoms/projects/git/refs.c,1207,22,"transaction -> nr ++"
post-increment,/home/ubuntu/atoms/projects/git/graph.c,556,6,"graph -> num_new_columns ++"
post-increment,/home/ubuntu/atoms/projects/git/color.c,329,2,"dst ++"
post-increment,/home/ubuntu/atoms/projects/git/color.c,347,7,"sep ++"
post-increment,/home/ubuntu/atoms/projects/git/color.c,352,7,"sep ++"
post-increment,/home/ubuntu/atoms/projects/git/color.c,357,7,"sep ++"
post-increment,/home/ubuntu/atoms/projects/git/compat/poll/poll.c,505,18,"nhandles ++"
post-increment,/home/ubuntu/atoms/projects/git/compat/win32/trace2_win32_process_info.c,99,11,"nr_pids ++"
post-increment,/home/ubuntu/atoms/projects/git/compat/win32/dirent.c,35,10,"len ++"
post-increment,/home/ubuntu/atoms/projects/git/compat/win32/dirent.c,36,9,"len ++"
post-increment,/home/ubuntu/atoms/projects/git/compat/winansi.c,366,14,"end ++"
post-increment,/home/ubuntu/atoms/projects/git/compat/inet_ntop.c,128,5,"tp ++"
post-increment,/home/ubuntu/atoms/projects/git/compat/inet_ntop.c,133,4,"tp ++"
post-increment,/home/ubuntu/atoms/projects/git/compat/inet_ntop.c,147,3,"tp ++"
post-increment,/home/ubuntu/atoms/projects/git/compat/inet_ntop.c,148,2,"tp ++"
post-increment,/home/ubuntu/atoms/projects/git/compat/inet_pton.c,62,22,"src ++"
post-increment,/home/ubuntu/atoms/projects/git/compat/inet_pton.c,125,22,"src ++"
post-increment,/home/ubuntu/atoms/projects/git/compat/inet_pton.c,148,25,"tp ++"
post-increment,/home/ubuntu/atoms/projects/git/compat/inet_pton.c,149,25,"tp ++"
post-increment,/home/ubuntu/atoms/projects/git/compat/inet_pton.c,165,17,"tp ++"
post-increment,/home/ubuntu/atoms/projects/git/compat/inet_pton.c,166,17,"tp ++"
post-increment,/home/ubuntu/atoms/projects/git/compat/memmem.c,25,10,"tail ++"
post-increment,/home/ubuntu/atoms/projects/git/compat/regex/regcomp.c,347,8,"p ++"
post-increment,/home/ubuntu/atoms/projects/git/compat/regex/regcomp.c,351,3,"p ++"
post-increment,/home/ubuntu/atoms/projects/git/compat/regex/regcomp.c,3791,38,"dfa -> str_tree_storage_idx ++"
post-increment,/home/ubuntu/atoms/projects/git/compat/regex/regcomp.c,3560,23,"mbcset -> nchar_classes ++"
post-increment,/home/ubuntu/atoms/projects/git/compat/regex/regcomp.c,3509,28,"mbcset -> nequiv_classes ++"
post-increment,/home/ubuntu/atoms/projects/git/compat/regex/regcomp.c,2723,20,"mbcset -> nranges ++"
post-increment,/home/ubuntu/atoms/projects/git/compat/regex/regcomp.c,2453,13,"preg -> re_nsub ++"
post-increment,/home/ubuntu/atoms/projects/git/compat/regex/regexec.c,2785,16,"bkref_str_off ++"
post-increment,/home/ubuntu/atoms/projects/git/compat/regex/regexec.c,2213,13,"enabled_idx ++"
post-increment,/home/ubuntu/atoms/projects/git/compat/regex/regexec.c,1987,14,"ent ++"
post-increment,/home/ubuntu/atoms/projects/git/compat/regex/regexec.c,3303,9,"ent ++"
post-increment,/home/ubuntu/atoms/projects/git/compat/regex/regexec.c,2213,28,"entry ++"
post-increment,/home/ubuntu/atoms/projects/git/compat/regex/regexec.c,2698,13,"entry ++"
post-increment,/home/ubuntu/atoms/projects/git/compat/regex/regexec.c,1355,12,"fs -> num ++"
post-increment,/home/ubuntu/atoms/projects/git/compat/regex/regexec.c,4269,19,"mctx -> nbkref_ents ++"
post-increment,/home/ubuntu/atoms/projects/git/compat/regex/regexec.c,4324,17,"mctx -> nsub_tops ++"
post-increment,/home/ubuntu/atoms/projects/git/compat/regex/regex_internal.c,265,16,"byte_idx ++"
post-increment,/home/ubuntu/atoms/projects/git/compat/regex/regex_internal.c,268,11,"byte_idx ++"
post-increment,/home/ubuntu/atoms/projects/git/compat/regex/regex_internal.c,340,17,"byte_idx ++"
post-increment,/home/ubuntu/atoms/projects/git/compat/regex/regex_internal.c,343,12,"byte_idx ++"
post-increment,/home/ubuntu/atoms/projects/git/compat/regex/regex_internal.c,351,17,"byte_idx ++"
post-increment,/home/ubuntu/atoms/projects/git/compat/regex/regex_internal.c,455,15,"byte_idx ++"
post-increment,/home/ubuntu/atoms/projects/git/compat/regex/regex_internal.c,458,17,"byte_idx ++"
post-increment,/home/ubuntu/atoms/projects/git/compat/regex/regex_internal.c,474,15,"byte_idx ++"
post-increment,/home/ubuntu/atoms/projects/git/compat/regex/regex_internal.c,1130,22,"delta --"
post-increment,/home/ubuntu/atoms/projects/git/compat/regex/regex_internal.c,1263,20,"delta --"
post-increment,/home/ubuntu/atoms/projects/git/compat/regex/regex_internal.c,1184,38,"i1 ++"
post-increment,/home/ubuntu/atoms/projects/git/compat/regex/regex_internal.c,1179,35,"i2 ++"
post-increment,/home/ubuntu/atoms/projects/git/compat/regex/regex_internal.c,1235,7,"id --"
post-increment,/home/ubuntu/atoms/projects/git/compat/regex/regex_internal.c,1179,15,"id ++"
post-increment,/home/ubuntu/atoms/projects/git/compat/regex/regex_internal.c,1184,18,"id ++"
post-increment,/home/ubuntu/atoms/projects/git/compat/regex/regex_internal.c,1130,45,"is --"
post-increment,/home/ubuntu/atoms/projects/git/compat/regex/regex_internal.c,1235,1,"is --"
post-increment,/home/ubuntu/atoms/projects/git/compat/regex/regex_internal.c,1237,35,"is --"
post-increment,/home/ubuntu/atoms/projects/git/compat/regex/regex_internal.c,1263,43,"is --"
post-increment,/home/ubuntu/atoms/projects/git/compat/regex/regex_internal.c,1464,9,"dfa -> nodes_len ++"
post-increment,/home/ubuntu/atoms/projects/git/compat/regex/regex_internal.c,1361,13,"set -> nelem ++"
post-increment,/home/ubuntu/atoms/projects/git/compat/regex/regex_internal.c,1599,14,"spot -> num ++"
post-increment,/home/ubuntu/atoms/projects/git/compat/mingw.c,1221,12,"arg ++"
post-increment,/home/ubuntu/atoms/projects/git/compat/mingw.c,1232,10,"arg ++"
post-increment,/home/ubuntu/atoms/projects/git/compat/mingw.c,1224,11,"count --"
post-increment,/home/ubuntu/atoms/projects/git/compat/mingw.c,1213,2,"d ++"
post-increment,/home/ubuntu/atoms/projects/git/compat/mingw.c,1216,4,"d ++"
post-increment,/home/ubuntu/atoms/projects/git/compat/mingw.c,1221,5,"d ++"
post-increment,/home/ubuntu/atoms/projects/git/compat/mingw.c,1225,6,"d ++"
post-increment,/home/ubuntu/atoms/projects/git/compat/mingw.c,1229,5,"d ++"
post-increment,/home/ubuntu/atoms/projects/git/compat/mingw.c,1232,3,"d ++"
post-increment,/home/ubuntu/atoms/projects/git/compat/mingw.c,1234,2,"d ++"
post-increment,/home/ubuntu/atoms/projects/git/compat/mingw.c,1235,2,"d ++"
post-increment,/home/ubuntu/atoms/projects/git/compat/mingw.c,1437,8,"nr ++"
post-increment,/home/ubuntu/atoms/projects/git/compat/mingw.c,1451,8,"nr ++"
post-increment,/home/ubuntu/atoms/projects/git/compat/mingw.c,2869,13,"path ++"
post-increment,/home/ubuntu/atoms/projects/git/compat/mingw.c,1630,13,"stdhandles_count ++"
post-increment,/home/ubuntu/atoms/projects/git/compat/mingw.c,1633,13,"stdhandles_count ++"
post-increment,/home/ubuntu/atoms/projects/git/compat/mingw.c,1637,13,"stdhandles_count ++"
post-increment,/home/ubuntu/atoms/projects/git/compat/mingw.c,2547,14,"upos ++"
post-increment,/home/ubuntu/atoms/projects/git/compat/mingw.c,2564,13,"upos ++"
post-increment,/home/ubuntu/atoms/projects/git/compat/mingw.c,2572,14,"upos ++"
post-increment,/home/ubuntu/atoms/projects/git/compat/mingw.c,2573,13,"upos ++"
post-increment,/home/ubuntu/atoms/projects/git/compat/mingw.c,2584,14,"upos ++"
post-increment,/home/ubuntu/atoms/projects/git/compat/mingw.c,2585,14,"upos ++"
post-increment,/home/ubuntu/atoms/projects/git/compat/mingw.c,2586,13,"upos ++"
post-increment,/home/ubuntu/atoms/projects/git/compat/mingw.c,1993,8,"value_counter ++"
post-increment,/home/ubuntu/atoms/projects/git/compat/mingw.c,2559,7,"wpos ++"
post-increment,/home/ubuntu/atoms/projects/git/compat/mingw.c,2565,7,"wpos ++"
post-increment,/home/ubuntu/atoms/projects/git/compat/mingw.c,2574,7,"wpos ++"
post-increment,/home/ubuntu/atoms/projects/git/compat/mingw.c,2588,7,"wpos ++"
post-increment,/home/ubuntu/atoms/projects/git/compat/mingw.c,2589,7,"wpos ++"
post-increment,/home/ubuntu/atoms/projects/git/compat/mingw.c,2592,7,"wpos ++"
post-increment,/home/ubuntu/atoms/projects/git/compat/mingw.c,2596,7,"wpos ++"
post-increment,/home/ubuntu/atoms/projects/git/compat/mingw.c,2598,8,"wpos ++"
post-increment,/home/ubuntu/atoms/projects/git/compat/basename.c,51,15,"p ++"
post-increment,/home/ubuntu/atoms/projects/git/compat/fsmonitor/fsm-listen-win32.c,330,17,"len_longname ++"
post-increment,/home/ubuntu/atoms/projects/git/compat/fsmonitor/fsm-path-utils-win32.c,91,8,"wlen ++"
post-increment,/home/ubuntu/atoms/projects/git/compat/fsmonitor/fsm-listen-darwin.c,435,11,"data -> nr_paths_watching ++"
post-increment,/home/ubuntu/atoms/projects/git/compat/fsmonitor/fsm-listen-darwin.c,441,12,"data -> nr_paths_watching ++"
post-increment,/home/ubuntu/atoms/projects/git/pretty.c,1110,10,"ch ++"
post-increment,/home/ubuntu/atoms/projects/git/pretty.c,219,12,"msg ++"
post-increment,/home/ubuntu/atoms/projects/git/pretty.c,240,15,"s ++"
post-increment,/home/ubuntu/atoms/projects/git/base85.c,51,9,"buffer ++"
post-increment,/home/ubuntu/atoms/projects/git/base85.c,57,8,"buffer ++"
post-increment,/home/ubuntu/atoms/projects/git/base85.c,87,18,"data ++"
post-increment,/home/ubuntu/atoms/projects/git/base85.c,72,4,"dst ++"
post-increment,/home/ubuntu/atoms/projects/git/patch-delta.c,40,9,"data ++"
post-increment,/home/ubuntu/atoms/projects/git/patch-delta.c,47,24,"data ++"
post-increment,/home/ubuntu/atoms/projects/git/merge-ort.c,1574,22,"i ++"
post-increment,/home/ubuntu/atoms/projects/git/merge-ort.c,817,35,"i_sb ++"
post-increment,/home/ubuntu/atoms/projects/git/merge-ort.c,817,26,"i_tmp ++"
post-increment,/home/ubuntu/atoms/projects/git/merge-ort.c,891,31,"suffix ++"
post-increment,/home/ubuntu/atoms/projects/git/merge-ort.c,3390,16,"result -> nr ++"
post-increment,/home/ubuntu/atoms/projects/git/object.c,477,21,"i ++"
post-increment,/home/ubuntu/atoms/projects/git/object.c,477,26,"object ++"
post-increment,/home/ubuntu/atoms/projects/git/json-writer.c,367,23,"argv ++"
post-increment,/home/ubuntu/atoms/projects/git/json-writer.c,24,14,"in ++"
post-increment,/home/ubuntu/atoms/projects/git/tree-walk.c,784,7,"follows_remaining --"
post-increment,/home/ubuntu/atoms/projects/git/sparse-index.c,68,16,"num_converted ++"
post-increment,/home/ubuntu/atoms/projects/git/sparse-index.c,88,17,"num_converted ++"
post-increment,/home/ubuntu/atoms/projects/git/sparse-index.c,366,25,"full -> cache_nr ++"
post-increment,/home/ubuntu/atoms/projects/git/sparse-index.c,375,25,"full -> cache_nr ++"
post-increment,/home/ubuntu/atoms/projects/git/sparse-index.c,285,29,"ctx -> write -> cache_nr ++"
post-increment,/home/ubuntu/atoms/projects/git/add-interactive.c,807,9,"j ++"
post-increment,/home/ubuntu/atoms/projects/git/add-interactive.c,954,23,"j ++"
post-increment,/home/ubuntu/atoms/projects/git/add-interactive.c,379,6,"sep ++"
post-increment,/home/ubuntu/atoms/projects/git/add-interactive.c,182,25,"( * len ) ++"
post-increment,/home/ubuntu/atoms/projects/git/tag.c,118,23,"buf ++"
post-increment,/home/ubuntu/atoms/projects/git/tag.c,123,23,"buf ++"
post-increment,/home/ubuntu/atoms/projects/git/tag.c,162,82,"bufptr ++"
post-increment,/home/ubuntu/atoms/projects/git/alloc.c,109,8,"parsed_commits_count ++"
post-increment,/home/ubuntu/atoms/projects/git/alloc.c,63,11,"s -> slab_nr ++"
post-increment,/home/ubuntu/atoms/projects/git/unpack-trees.c,924,20,"i ++"
post-increment,/home/ubuntu/atoms/projects/git/unpack-trees.c,933,7,"nr_buf ++"
post-increment,/home/ubuntu/atoms/projects/git/attr.c,698,18,"list ++"
post-increment,/home/ubuntu/atoms/projects/git/attr.c,205,13,"name ++"
post-increment,/home/ubuntu/atoms/projects/git/attr.c,204,8,"namelen --"
post-increment,/home/ubuntu/atoms/projects/git/attr.c,530,21,"check_vector . nr ++"
post-increment,/home/ubuntu/atoms/projects/git/attr.c,638,22,"check -> nr ++"
